ID,Gender,Height,Weight,BMI,Workout Par Rate,Average Workout Time,STD Workout Time,Average Calories Burnt,STD Calories Burnt,Number of Sessions
1001,Male,1.79884976,83.63290635,25.84564673,1.0,1.6666666666666667,0.86066296582387,288.8,165.4486425853453,30
1002,Male,1.8088844609999999,80.45272055,24.5877664,1.1,1.6666666666666667,0.8606629658238699,286.3939393939394,163.98509044040023,33
1003,Male,1.714302344,74.439162,25.32950119,1.0,1.8,1.0733126291998993,333.76666666666665,213.27461744062379,30
1004,Male,1.8239533469999998,81.55767826,24.51531074,1.2,1.5555555555555556,0.6928995160692488,271.8611111111111,141.60504348430544,36
1005,Male,1.928989294,94.14289391,25.30043043,1.1,1.5151515151515151,0.6341076808026234,267.4848484848485,132.84539810195437,33
1006,Male,1.818806731,84.12711354,25.43096749,1.0,1.0,0.0,206.2,62.60425970597635,30
1007,Male,1.880458714,86.42451865,24.44045935,1.1333333333333333,1.0,0.0,202.85294117647058,70.86363555654378,34
1008,Male,1.8509071480000001,85.7881463,25.04136616,1.1333333333333333,1.0,0.0,183.52941176470588,57.96359673720052,34
1009,Male,1.849141425,83.95569864,24.55330304,1.1666666666666667,1.0,0.0,191.14285714285714,64.39793379877199,35
1010,Male,1.7127758530000001,74.48994604,25.3919817,1.0333333333333334,1.0,0.0,190.09677419354838,53.789527004804796,31
1011,Female,1.608022031,53.97712704,20.87496597,1.0,1.0,0.0,210.8,58.323465832087415,30
1012,Female,1.587023325,49.76795174,19.75982745,1.0666666666666667,1.0,0.0,188.84375,52.71391501242817,32
1013,Female,1.6203400030000001,53.63011204,20.42661467,1.1666666666666667,1.0,0.0,182.2,60.028945398984696,35
1014,Female,1.612089448,55.94673284,21.52764183,1.0,1.0,0.0,189.3,60.50738246968987,30
1015,Female,1.64316327,55.76554963,20.65401795,1.0666666666666667,1.0,0.0,189.84375,62.54553809775322,32
1016,Female,1.521792003,46.16220923,19.93315253,1.2,1.0,0.0,196.61111111111111,69.91712466189992,36
1017,Male,1.81967645,86.76181552,26.20235233,1.0,1.0,0.0,207.06666666666666,60.82156050466168,30
1018,Female,1.532318742,50.41779276,21.47264784,1.1333333333333333,1.0,0.0,184.23529411764707,63.85418076668186,34
1019,Female,1.737227418,60.60499505,20.08145008,1.1,1.0,0.0,194.45454545454547,59.949519627610584,33
1020,Male,1.708226599,61.78595828,21.173801,1.0333333333333334,1.0,0.0,196.93548387096774,49.5482400871475,31
1021,Male,1.8080343669999999,84.80589536,25.94255111,1.1666666666666667,1.0,0.0,192.17142857142858,61.459155177256065,35
1022,Female,1.548659751,42.56290519,17.74676674,1.0333333333333334,1.0,0.0,185.16129032258064,57.29217520980114,31
1023,Male,1.7637617730000001,80.26313866,25.80098507,1.0666666666666667,1.0,0.0,190.15625,64.22864887211547,32
1024,Female,1.4898736869999998,44.65642537,20.11801168,1.1,1.0,0.0,176.06060606060606,58.71344866534536,33
1025,Male,1.681633214,73.426688,25.9651829,1.1,1.0,0.0,199.78787878787878,63.4224688107134,33
1026,Male,1.809825834,83.07375804,25.36239668,1.0666666666666667,1.46875,0.568087483290976,243.03125,118.41661041351493,32
1027,Male,1.824111679,81.84186103,24.59646236,1.1333333333333333,1.588235294117647,0.7413247503677696,278.8235294117647,151.41782398083848,34
1028,Male,1.706715491,74.61255024,25.61472062,1.0,1.6333333333333333,0.8094122238687455,294.1,167.38081232128533,30
1029,Male,1.73511362,76.87791361,25.53558142,1.0333333333333334,1.5161290322580645,0.635515827146466,260.5806451612903,131.45781986456603,31
1030,Male,1.633326372,66.20880629999999,24.81817308,1.1,1.6363636363636365,0.8140390988123309,293.8181818181818,167.99986583658912,33
1031,Female,1.6262563980000002,54.46733081,20.59482266,1.0,1.0,0.0,188.33333333333334,61.10991918029529,30
1032,Male,1.70823445,73.38212829999999,25.14753094,1.2,1.0,0.0,197.36111111111111,59.28656995090212,36
1033,Female,1.553117141,42.77703586,17.73381861,1.0,1.0,0.0,211.03333333333333,53.42314313312371,30
1034,Male,1.644391313,68.86597364,25.46797086,1.1,1.0,0.0,202.45454545454547,62.845694102441335,33
1035,Female,1.50645382,42.17546291,18.58438578,1.0,1.0,0.0,206.96666666666667,56.2680983230186,30
1036,Male,1.75677528,79.9225285,25.89624478,1.1333333333333333,1.0,0.0,186.35294117647058,62.30611449219239,34
1037,Female,1.5888925040000001,43.73092773,17.32206478,1.0333333333333334,1.0,0.0,189.0,62.520190287205516,31
1038,Male,1.7666209290000001,80.40444026,25.76281355,1.1333333333333333,1.0,0.0,181.61764705882354,61.756645132269604,34
1039,Female,1.560285956,41.84418632,17.18805474,1.0666666666666667,1.0,0.0,184.40625,55.54438505319417,32
1040,Male,1.77686846,81.97476678,25.96388234,1.0333333333333334,1.0,0.0,212.3548387096774,62.330828279481764,31
1041,Male,1.6780544730000002,72.49282821,25.74440945,1.0333333333333334,1.0,0.0,187.2258064516129,58.81666961287111,31
1042,Male,1.7341644630000002,74.90011128,24.90588039,1.1666666666666667,1.0,0.0,194.22857142857143,67.0488460385564,35
1043,Female,1.78689039,82.09212979,25.71021432,1.0,1.0,0.0,205.43333333333334,58.136439137218886,30
1044,Male,1.6644796780000002,69.86464153,25.21740776,1.0333333333333334,1.0,0.0,199.5483870967742,62.45092974832963,31
1045,Male,1.7297242469999998,74.41027304,24.87019277,1.0666666666666667,1.0,0.0,197.21875,60.87473530486601,32
1046,Female,1.619590439,55.2988324,21.08169631,1.0,1.0,0.0,204.7,60.14934191937044,30
1047,Female,1.6144915659999999,53.49857573,20.52440893,1.0666666666666667,1.0,0.0,191.125,62.34017063659675,32
1048,Female,1.5264496269999999,42.38365672,18.19003227,1.0666666666666667,1.0,0.0,210.9375,57.30725166809171,32
1049,Female,1.6314224259999999,50.14107733,18.83912835,1.1,1.0,0.0,191.87878787878788,55.909427608413765,33
1050,Female,1.699642962,58.76351003,20.341938100000004,1.0,1.0,0.0,205.5,46.07077888061658,30
1051,Male,1.697555107,73.34320341,25.45142552,1.0333333333333334,1.3870967741935485,0.4559035071016531,239.51612903225808,106.33899760104573,31
1052,Male,1.841706258,87.76730396,25.87569542,1.1,1.2727272727272727,0.3076778589915088,216.27272727272728,85.16963082887688,33
1053,Male,1.8331868119999999,84.86604487,25.25343817,1.2,1.25,0.2795084971874737,210.22222222222223,85.98880202720629,36
1054,Male,1.65575541,70.06442342,25.55672426,1.0666666666666667,1.21875,0.24149346118865206,203.78125,75.03521125756092,32
1055,Male,1.747141064,74.66000854,24.45862806,1.3333333333333333,1.225,0.2490293657382601,206.775,81.49878536288132,40
1056,Male,1.8353635869999998,78.30613542,23.24617853,1.6333333333333333,1.6122448979591837,0.7773930977243949,292.16326530612247,156.63332338309465,49
1057,Male,1.663674476,63.67665079,23.00612659,1.6,1.7291666666666667,0.9588379936320882,290.9791666666667,174.13366629292995,48
1058,Female,1.5944049180000002,57.5630436,22.64365338,1.3,2.282051282051282,1.9367256175746783,406.35897435897436,355.12770460212,39
1059,Female,1.6047273169999998,57.66110925,22.39136152,1.5333333333333334,1.891304347826087,1.2257636423654497,332.30434782608694,229.57707345007228,46
1060,Female,1.78360905,71.34534538,22.42674836,1.6666666666666667,1.74,0.9761270409121965,290.98,176.95713123804873,50
1061,Male,1.736167639,77.0071684,25.54746663,1.0666666666666667,1.3125,0.358013726168425,218.375,91.05388278548313,32
1062,Male,1.759789981,76.89999395,24.83159545,1.1,1.393939393939394,0.4651053748468615,235.54545454545453,109.1934309351021,33
1063,Male,1.7057614540000001,71.29850449,24.50438616,1.1666666666666667,1.5142857142857142,0.6328610586325621,244.62857142857143,129.36820703423868,35
1064,Male,1.803225855,83.11077161,25.55977714,1.0,1.3666666666666667,0.42864990463167113,243.43333333333334,104.97539905810031,30
1065,Male,1.757168384,77.94245903,25.24337055,1.0333333333333334,1.3548387096774193,0.4130235256594293,234.74193548387098,103.68274726698644,31
1066,Male,1.717271265,70.77790892,24.00047966,1.1333333333333333,1.5294117647058822,0.6547202919538327,263.5882352941176,139.60088861091333,34
1067,Male,1.7255745230000001,74.05062496,24.86916982,1.0,1.5,0.6123724356957945,264.26666666666665,135.23743728880862,30
1068,Male,1.690553606,69.650954,24.37076582,1.2,1.3055555555555556,0.3491305583537569,212.13888888888889,92.02691265854597,36
1069,Male,1.71645971,73.64716686,24.99705334,1.0,1.4333333333333333,0.518794899886408,252.63333333333333,120.91922663650462,30
1070,Male,1.908576864,90.97652421,24.97526071,1.0,1.4333333333333333,0.518794899886408,253.5,121.9558321688635,30
1071,Male,1.84910029,88.57839971,25.90638985,1.2666666666666666,1.0,0.0,173.28947368421052,55.16955104838979,38
1072,Male,1.716550981,75.90363299,25.76019525,1.2,1.0,0.0,175.22222222222223,58.351478659314154,36
1073,Male,1.833816805,87.1118869,25.90392204,1.4,1.0,0.0,188.52380952380952,65.15630952718095,42
1074,Male,1.616259521,67.80029262,25.95430333,1.2333333333333334,1.0,0.0,172.2972972972973,57.85109724244526,37
1075,Female,1.569449864,44.83756035,18.20317234,1.2666666666666666,1.0,0.0,184.42105263157896,63.205026273710125,38
1076,Male,1.73179056,73.4942902,24.50546027,1.0,2.0,1.4142135623730951,382.5,285.336000766348,30
1077,Male,1.748496957,73.02814044,23.88693791,1.0,2.0,1.4142135623730951,423.56666666666666,309.46281413658306,30
1078,Male,1.658094225,63.01925077,22.92212212,1.2,1.8333333333333333,1.1283386673105493,376.75,247.12410428095973,36
1079,Male,1.725042275,70.67713794,23.75086709,1.0666666666666667,1.9375,1.3049447725382863,387.21875,271.79532046749324,32
1080,Male,1.8025503809999999,78.71052599,24.22467674,1.0,2.0,1.4142135623730951,401.26666666666665,295.9948197744909,30
1081,Male,1.682569618,69.69368739,24.61769336,1.1,1.2121212121212122,0.23353776836013718,213.6969696969697,81.57014711289591,33
1082,Male,1.671478707,67.32209495,24.0966087,1.1666666666666667,1.3714285714285714,0.434972603942775,244.71428571428572,110.1195719053524,35
1083,Male,1.757008854,79.25081789,25.67177236,1.0,1.2333333333333334,0.25912959720600853,224.1,79.0468995807763,30
1084,Male,1.838819802,84.60854773,25.02279953,1.0666666666666667,1.21875,0.24149346118865206,223.78125,78.27591498006777,32
1085,Male,1.696868586,71.67159709,24.89147674,1.0,1.4333333333333333,0.518794899886408,272.7,130.1495383523635,30
1086,Female,1.684419163,66.3605877,23.38890427,1.0,2.6333333333333333,2.650499603498962,496.53333333333336,506.8372411702173,30
1087,Male,1.730748994,70.69413592,23.60017453,1.1666666666666667,2.257142857142857,1.888705111203055,384.25714285714287,331.79972300559405,35
1088,Female,1.654451345,62.26710707,22.74839126,1.1666666666666667,2.342857142857143,2.055430126011453,414.4,373.99435901017085,35
1089,Male,1.8823966769999998,86.35576811,24.37075908,1.0,2.5,2.3717082451262845,403.1,389.1614553541157,30
1090,Male,1.6715058180000002,66.51073276,23.80542546,1.0333333333333334,2.4838709677419355,2.3386253528161554,423.7741935483871,407.79815954447866,31
1091,Male,1.6473372990000001,64.2739583,23.68481424,1.2,1.9722222222222223,1.3653483428757986,354.22222222222223,257.77523679037125,36
1092,Male,1.684432291,69.24745888,24.4060066,1.0666666666666667,2.0625,1.5258994529866639,346.78125,266.7109548921316,32
1093,Male,1.745518441,73.25584740000001,24.04326337,1.0666666666666667,2.09375,1.5826339515533512,377.90625,296.34473176138056,32
1094,Male,1.7609088019999999,75.60602174,24.38274846,1.1666666666666667,1.8571428571428572,1.1680888180615672,313.57142857142856,208.1581676046481,35
1095,Female,1.725881301,69.53815751,23.34540071,1.0666666666666667,2.15625,1.6978577523649103,398.59375,322.90235984036804,32
1096,Male,1.7599535530000001,74.93104932,24.19131082,1.1333333333333333,1.7941176470588236,1.063678316580844,337.2647058823529,216.14691539366223,34
1097,Male,1.758790799,75.67735747,24.46457013,1.1333333333333333,1.8235294117647058,1.1120786433597638,330.6764705882353,214.06207392715677,34
1098,Male,1.725868279,71.98901078,24.16856764,1.0333333333333334,1.967741935483871,1.3575118567216797,398.3225806451613,283.6893531464495,31
1099,Male,1.8279949640000002,81.80431777,24.480835600000002,1.1666666666666667,1.8,1.0733126291998993,317.2,204.40555765438475,35
1100,Male,1.7881835940000002,78.30339485,24.4881727,1.1,1.8181818181818181,1.1032361385762146,326.75757575757575,213.74793425265793,33
1101,Female,1.660818795,59.30010721,21.49863947,0.6333333333333333,1.4210526315789473,0.5019280510983325,232.52631578947367,99.36870128839773,19
1102,Female,1.6161959069999998,68.36219213,26.17146147,0.7666666666666667,1.173913043478261,0.18843003091685628,162.17391304347825,49.33682663486059,23
1103,Female,1.7344378980000001,64.35290353,21.39196295,0.7666666666666667,1.2608695652173914,0.2929263872244603,214.52173913043478,79.32410086302042,23
1104,Female,1.60173904,49.69826286,19.37125181,1.0,1.4,0.4732863826479694,221.13333333333333,90.64636047115552,30
1105,Male,1.842499593,90.38506085,26.62452408,0.6,1.1666666666666667,0.18002057495577395,194.83333333333334,54.35101109829888,18
1106,Female,1.4740171990000002,37.66590549,17.33577696,0.9666666666666667,1.206896551724138,0.22729415917346946,174.6206896551724,53.662142026756925,29
1107,Female,1.60911566,54.43063718,21.02175138,1.1333333333333333,1.1176470588235294,0.12437509173433516,164.61764705882354,49.671245174558756,34
1108,Male,1.7513689909999999,78.5191833,25.59885036,1.3666666666666667,1.2195121951219512,0.2424106669935657,184.90243902439025,56.46060948726539,41
1109,Female,1.6205859130000002,51.88010507,19.75407635,1.1,1.2424242424242424,0.27021596558676986,197.1818181818182,60.24049389682686,33
1110,Male,1.7793253080000002,81.51634184,25.74743498,1.2666666666666666,1.1578947368421053,0.16990344847862224,173.23684210526315,51.3954967299962,38
1111,Male,1.677137464,68.4546776,24.33693089,1.4,1.4523809523809523,0.5451858593243342,234.78571428571428,103.05331172897374,42
1112,Male,1.7389959080000001,72.36814854,23.93042115,1.4,1.5238095238095237,0.6466045141268613,233.21428571428572,112.37468563179824,42
1113,Male,1.816816687,79.16748816,23.98416732,1.4,1.7142857142857142,0.9352195295828245,261.42857142857144,152.67731490909935,42
1114,Male,1.69306657,68.20025494,23.79238227,1.4,1.8333333333333333,1.1283386673105493,289.35714285714283,187.3866709661664,42
1115,Male,1.6952875580000002,68.08892959,23.6913472,1.3,1.7692307692307692,1.023172571940271,264.15384615384613,162.8013348130224,39
1116,Female,1.573888,64.37276999999999,25.98690443,0.7,1.0,0.0,119.04761904761905,20.129287335044427,21
1117,Male,1.7539051909999999,66.49801285,21.61705067,0.6333333333333333,1.0,0.0,125.26315789473684,26.568366836211258,19
1118,Male,1.7415997769999998,65.55213842,21.61176034,0.7333333333333333,1.0,0.0,137.04545454545453,29.141468847873305,22
1119,Male,1.7470603630000001,65.885067,21.5859502,0.7333333333333333,1.0,0.0,129.36363636363637,28.982040605967523,22
1120,Male,1.659900428,59.56461864,21.61843701,0.8333333333333334,1.0,0.0,125.52,31.54187058498592,25
1121,Female,1.760230865,75.1715007,24.26129376,1.0666666666666667,1.9375,1.3049447725382863,396.9375,280.40335022670354,32
1122,Male,1.7983595980000002,79.75017881,24.65917777,1.0,2.0,1.4142135623730951,399.1333333333333,291.5493097230724,30
1123,Male,1.674607311,68.23126012,24.33085811,1.0666666666666667,1.9375,1.3049447725382863,391.1875,277.94877448953497,32
1124,Male,1.79767126,77.98731802,24.13256222,1.1333333333333333,1.8823529411764706,1.2105782480647673,358.61764705882354,246.2175349081265,34
1125,Male,1.817331791,80.29893804,24.31315697,1.0,2.0,1.4142135623730951,413.73333333333335,305.1012946547425,30
1126,Male,1.611382286,55.06543315,21.20712956,1.1666666666666667,1.0,0.0,195.25714285714287,66.21969618825887,35
1127,Female,1.654199283,58.66872625,21.44030715,1.1,1.0,0.0,216.72727272727272,61.364421992726186,33
1128,Male,1.76726094,82.87430182,26.53496536,1.0333333333333334,1.0,0.0,188.0,55.0811717728569,31
1129,Male,1.8482403969999999,89.57763061,26.22301686,1.1,1.0,0.0,205.4848484848485,68.127830477589,33
1130,Male,1.791289903,84.2417298,26.25400238,1.0,1.0,0.0,210.56666666666666,67.85704745189618,30
1131,Male,1.573208011,59.77727562,24.15259614,2.2,1.0,0.0,206.56060606060606,62.96731446188397,66
1132,Female,1.669727185,68.05807228,24.4111707,2.066666666666667,1.0,0.0,211.9516129032258,49.83632158387542,62
1133,Male,1.680180855,70.39938458,24.93772315,2.0,1.0,0.0,221.15,54.85733770426705,60
1134,Male,1.6739438519999998,70.05173777,24.99983486,2.1,1.0,0.0,193.96825396825398,57.20943652152242,63
1135,Male,1.799439185,79.53475313,24.56306684,2.1333333333333333,1.0,0.0,207.40625,65.11689458917324,64
1136,Female,1.647899341,59.541419499999996,21.92591995,0.7333333333333333,1.0,0.0,147.72727272727272,33.5791897381559,22
1137,Male,1.736052294,68.18283317,22.62296051,0.36666666666666664,1.0,0.0,142.27272727272728,30.18455628324738,11
1138,Female,1.657188884,60.56374376,22.05305144,0.3333333333333333,1.0,0.0,149.3,34.86559909136798,10
1139,Female,1.582406629,55.38629675,22.11903322,0.23333333333333334,1.0,0.0,145.42857142857142,42.077673560273006,7
1140,Female,1.763184637,69.26061739,22.27874754,0.5,1.0,0.0,129.06666666666666,23.518692329483134,15
1141,Male,1.843306483,93.58913237,27.54420996,0.1,1.0,0.0,110.0,4.08248290463863,3
1142,Male,1.766655976,85.59708065,27.42552685,0.1,1.0,0.0,105.33333333333333,1.247219128924647,3
1143,Male,1.875714232,98.18943517,27.90817351,0.1,1.0,0.0,112.33333333333333,8.993825042154695,3
1144,Male,1.65655182,75.28508467,27.43461635,0.06666666666666667,1.0,0.0,118.5,0.5,2
1145,Male,1.6894207430000001,79.74292729,27.93936491,0.0,0.0,0.0,0.0,0.0,0
1146,Male,1.732043374,81.7879937,27.26289858,0.43333333333333335,1.0,0.0,152.69230769230768,41.397481557335595,13
1147,Male,1.821966851,89.31963954,26.90704589,0.4666666666666667,1.0,0.0,145.78571428571428,48.40185736021261,14
1148,Male,1.7334628419999998,80.63952867,26.83606945,0.6666666666666666,1.0,0.0,138.05,32.75587733522032,20
1149,Male,1.708495563,78.43091770000001,26.86950007,0.5333333333333333,1.0,0.0,156.3125,41.780256626186485,16
1150,Male,1.733070752,81.11408353,27.00621246,0.43333333333333335,1.0,0.0,158.76923076923077,37.225206195954925,13
1151,Male,1.730318316,79.72853946,26.62942557,0.7666666666666667,1.0,0.0,151.17391304347825,38.72944298919503,23
1152,Male,1.6915433919999998,84.57168411,29.55688712,0.43333333333333335,1.0,0.0,137.3846153846154,27.44936166145402,13
1153,Female,1.633307881,45.40303146,17.01957596,0.2,1.0,0.0,175.5,36.58209944768069,6
1154,Male,1.691440791,79.62057874,27.82990543,0.36666666666666664,1.0,0.0,150.54545454545453,39.887030556454945,11
1155,Male,1.707741845,82.54396973,28.30355001,0.5,1.0,0.0,165.8,44.4974905659484,15
1156,Male,1.780661571,76.68734131,24.18582516,1.3,1.8717948717948718,1.1927335527848506,310.94871794871796,206.4095675847393,39
1157,Male,1.801079788,81.94875275,25.26250678,0.9666666666666667,1.7586206896551724,1.006029630217948,266.0,160.08166019577158,29
1158,Male,1.815492973,79.31377134,24.06353665,1.3,1.8205128205128205,1.1070882517857503,306.43589743589746,197.27751410838607,39
1159,Female,1.6653302669999999,66.79992945,24.08658629,1.2333333333333334,1.837837837837838,1.1358305984617034,289.1081081081081,189.00536321268652,37
1160,Male,1.611794947,63.48575664,24.43749693,1.2,1.6944444444444444,0.9039640828595665,271.0,160.92346351949772,36
1161,Male,1.6570210580000002,73.47638016,26.76034434,0.7333333333333333,1.2727272727272727,0.30767785899150885,191.8181818181818,66.3806386009269,22
1162,Male,1.8034493969999998,87.72746884,26.97290216,0.5666666666666667,1.2941176470588236,0.3345861523497183,212.94117647058823,69.29419989303136,17
1163,Male,1.766245261,82.38483569,26.40859282,0.7333333333333333,1.2727272727272727,0.30767785899150885,187.22727272727272,63.27938539586282,22
1164,Male,1.824950245,88.55448002,26.589396500000003,0.7,1.1428571428571428,0.1527207096642424,154.76190476190476,44.9801813608786,21
1165,Male,1.7746718330000002,81.92969233,26.01388471,0.9,1.2222222222222223,0.2456759103966963,211.33333333333334,70.85213258158166,27
1166,Male,1.760035546,76.20959324,24.60179333,1.2,1.1666666666666667,0.180020574955774,200.36111111111111,70.75068798833722,36
1167,Male,1.642496891,67.77613929,25.12278109,1.0666666666666667,1.28125,0.31835338376264355,222.09375,92.77651623181013,32
1168,Male,1.674667335,70.82707082,25.25469818,1.1666666666666667,1.1428571428571428,0.15272070966424248,191.14285714285714,67.31169393160219,35
1169,Male,1.6442543790000002,67.58613248,24.99882412,1.1,1.121212121212121,0.1283482476375106,197.0,62.009285717153,33
1170,Male,1.8362864819999998,84.62411757,25.09650697,1.0666666666666667,1.21875,0.24149346118865206,217.9375,81.44844081222297,32
1171,Male,1.827171519,82.01468492,24.56591736,1.1333333333333333,1.2647058823529411,0.2976859665203225,221.35294117647058,87.29562447985525,34
1172,Male,1.6454776080000002,67.22507131,24.82831909,1.1,1.2424242424242424,0.27021596558676986,223.0,86.46877173204489,33
1173,Male,1.786248737,78.48323576,24.59761674,1.1,1.303030303030303,0.3459101598133585,236.6969696969697,101.47122660296688,33
1174,Male,1.792103192,80.55898411,25.08348956,1.1,1.303030303030303,0.3459101598133585,221.4848484848485,95.64987026679496,33
1175,Male,1.6942207669999998,70.15913531,24.44242135,1.1333333333333333,1.3235294117647058,0.3722035975288709,232.3235294117647,100.06114111443836,34
1176,Male,1.713975535,72.50476071,24.6806894,1.1,1.2424242424242424,0.27021596558676986,212.24242424242425,83.52332894802328,33
1177,Male,1.610730513,65.00427868,25.055101800000003,1.0666666666666667,1.3125,0.358013726168425,237.1875,101.15458105087542,32
1178,Male,1.64506476,67.84037901,25.06814899,1.0,1.4333333333333333,0.518794899886408,262.6666666666667,122.45758146909183,30
1179,Female,1.716566536,72.66745641,24.66145381,1.1,1.303030303030303,0.3459101598133585,234.12121212121212,97.6882696352041,33
1180,Male,1.7429000080000001,76.11277779,25.05605123,1.0,1.4,0.4732863826479694,252.8,120.44236242562941,30
1181,Male,1.8188199790000001,83.18397275,25.14549709,1.3333333333333333,1.0,0.0,175.55,59.51804348262802,40
1182,Male,1.653984116,67.26789018,24.58924179,1.3333333333333333,1.0,0.0,178.125,65.99097949720098,40
1183,Male,1.91023173,92.85898198,25.44789177,1.3,1.0,0.0,163.43589743589743,53.88296665913525,39
1184,Male,1.730770995,74.30148855,24.80380437,1.3333333333333333,1.0,0.0,177.55,62.62305885215126,40
1185,Male,1.948429805,95.4055772,25.13067967,1.3,1.0,0.0,178.92307692307693,64.32823865122099,39
1186,Male,1.8716039119999999,90.62976019,25.87277085,1.0,1.2333333333333334,0.25912959720600853,217.23333333333332,86.1687519627319,30
1187,Male,1.7826621669999998,81.619113,25.68347449,1.0,1.2666666666666666,0.3001234313979401,228.53333333333333,87.391712464097,30
1188,Male,1.834234669,83.37181166,24.78046452,1.1333333333333333,1.2058823529411764,0.2260849185435315,207.0,76.69707410632161,34
1189,Male,1.7372431659999998,73.01647438,24.19355204,1.1666666666666667,1.2571428571428571,0.28831469687042804,228.4,90.59035584116319,35
1190,Male,1.828322646,81.36151308,24.33959455,1.1666666666666667,1.2285714285714286,0.2533507231512924,224.9142857142857,83.2562704981401,35
1191,Male,1.710203104,73.63700518,25.17681198,1.3,1.205128205128205,0.2251863208795017,212.66666666666666,80.50379120799467,39
1192,Male,1.7335966459999999,75.93161935,25.26542139,1.3666666666666667,1.1951219512195121,0.21331050404297397,196.390243902439,78.5389105519285,41
1193,Male,1.930942226,95.76710652,25.68489569,1.3,1.2307692307692308,0.2560154751808751,204.84615384615384,81.84390985489893,39
1194,Male,1.882255795,87.58117884,24.72028655,1.3,1.1025641025641026,0.10769543841916261,182.25641025641025,63.510352924592915,39
1195,Male,1.729520909,73.73311311,24.64966023,1.5,1.2666666666666666,0.3001234313979401,205.11111111111111,89.13999716541507,45
1196,Male,1.7044302,66.9664818,23.05149209,1.0333333333333334,2.774193548387097,2.955080896517823,460.51612903225805,501.6869774095593,31
1197,Female,1.678206115,61.87033911,21.968069699999997,1.3,2.2564102564102564,1.8872981124995751,374.0,325.0180271134479,39
1198,Male,1.739439634,69.14941763,22.85439893,1.0333333333333334,2.6451612903225805,2.6756823973516437,454.0,470.4869131908676,31
1199,Female,1.5603737780000002,53.34795031,21.91091182,1.2,2.4444444444444446,2.258348328803875,417.80555555555554,397.75853633026395,36
1200,Female,1.681798425,62.63056094,22.14309987,1.0,3.2,3.935479640399626,554.0,691.8319160027239,30
1201,Female,1.584568767,54.71294241,21.79053478,1.5666666666666667,1.9148936170212767,1.2660268705928326,350.17021276595744,251.0162022559829,47
1202,Male,1.68336796,62.67227202,22.11654715,1.4666666666666666,1.8636363636363635,1.1789937641981107,332.22727272727275,227.7906851963198,44
1203,Male,1.772982595,70.24090659,22.34504142,1.3666666666666667,2.0,1.4142135623730951,368.8536585365854,278.9023345099893,41
1204,Male,1.73176013,68.92025083,22.9811298,1.2666666666666666,2.026315789473684,1.4609473825918062,362.1578947368421,277.65324553441707,38
1205,Female,1.693036575,64.52656142,22.51157295,1.3333333333333333,2.0,1.4142135623730951,366.775,275.3042407955242,40
1206,Male,1.7603411340000001,76.13096557,24.56787894,1.0,2.0,1.4142135623730951,376.53333333333336,278.8265888803768,30
1207,Male,1.757600181,72.53203704,23.47954613,1.1,1.9090909090909092,1.256089599468651,386.8181818181818,267.6526515809661,33
1208,Male,1.8412372469999998,80.60828293,23.7771702,1.1,1.9090909090909092,1.256089599468651,361.93939393939394,251.76935244111175,33
1209,Male,1.5927575390000002,60.875667500000006,23.99630632,1.0666666666666667,1.9375,1.3049447725382863,365.53125,261.1710891917209,32
1210,Female,1.7006943030000001,66.60713194,23.02863625,1.1333333333333333,1.8823529411764706,1.2105782480647673,392.0,263.8574704378907,34
1211,Male,1.7911028359999999,74.59179636,23.25144902,1.0666666666666667,1.9375,1.3049447725382863,417.90625,292.67920431452524,32
1212,Male,1.625293285,61.285416500000004,23.20030316,1.0666666666666667,1.9375,1.3049447725382863,411.28125,286.41242481324434,32
1213,Female,1.5773786109999999,59.04007648,23.72875849,1.1333333333333333,1.8823529411764706,1.2105782480647673,349.3529411764706,241.49717389440048,34
1214,Female,1.694794502,66.76866635,23.24548483,1.2,1.8333333333333333,1.1283386673105493,362.3333333333333,239.41707758018646,36
1215,Male,1.717025375,72.15894756,24.47579256,1.0666666666666667,1.9375,1.3049447725382863,345.78125,242.1884373721779,32
1216,Male,1.835027203,89.66844644,26.62898615,0.13333333333333333,1.0,0.0,110.75,2.277608394786075,4
1217,Male,1.82132637,90.64166614,27.32450662,0.0,0.0,0.0,0.0,0.0,0
1218,Male,1.634074662,72.04828423,26.98235496,0.03333333333333333,1.0,0.0,114.0,0.0,1
1219,Male,1.649256092,73.50962355,27.02514327,0.0,0.0,0.0,0.0,0.0,0
1220,Male,1.6249478730000002,70.17685822,26.57755672,0.13333333333333333,1.0,0.0,110.0,7.3484692283495345,4
1221,Male,1.7645660930000002,83.61055331,26.85253169,0.06666666666666667,1.0,0.0,108.0,3.0,2
1222,Male,1.679668299,75.96432323,26.925428399999998,0.0,0.0,0.0,0.0,0.0,0
1223,Male,1.714301702,77.81470358,26.47812054,0.1,1.0,0.0,109.66666666666667,4.9216076867444665,3
1224,Male,1.654010009,72.30853696,26.43098255,0.1,1.0,0.0,109.66666666666667,2.494438257849294,3
1225,Male,1.736009795,80.74600408,26.79271331,0.03333333333333333,1.0,0.0,106.0,0.0,1
1226,Male,1.774997615,83.76151106,26.585752399999997,0.13333333333333333,1.0,0.0,109.0,4.527692569068709,4
1227,Male,1.64419091,72.070797,26.65967427,0.13333333333333333,1.0,0.0,110.25,6.179603547154137,4
1228,Male,1.8749107969999999,93.91954033,26.71743358,0.03333333333333333,1.0,0.0,104.0,0.0,1
1229,Male,1.8751836259999999,96.57516144,27.464888399999996,0.0,0.0,0.0,0.0,0.0,0
1230,Male,1.757176092,83.28813556,26.97444818,0.13333333333333333,1.0,0.0,108.25,3.960744879438715,4
1231,Male,1.77833948,85.0509968,26.89366976,0.13333333333333333,1.0,0.0,110.0,6.041522986797286,4
1232,Female,1.58780231,56.60633936,22.452888100000003,1.4333333333333333,1.0,0.0,173.30232558139534,64.25549832005906,43
1233,Female,1.682740251,62.85976565,22.19926479,1.4,1.0,0.0,174.57142857142858,61.956260630323044,42
1234,Female,1.624553397,60.17303983,22.79995399,1.3333333333333333,1.0,0.0,182.925,62.35438537103866,40
1235,Female,1.501266855,50.76019736,22.52202878,1.2666666666666666,1.0,0.0,182.68421052631578,61.92104703961323,38
1236,Female,1.7185758759999998,65.74384621,22.25961691,1.3333333333333333,1.0,0.0,189.2,67.16293620740535,40
1237,Female,1.591835998,58.38679841,23.04188573,1.3666666666666667,1.0,0.0,171.390243902439,58.415616876503684,41
1238,Male,1.839425242,79.57189128,23.51772981,1.3,1.0,0.0,178.53846153846155,63.62302685624981,39
1239,Male,1.80836271,75.7466714,23.1628752,1.2333333333333334,1.0,0.0,185.8108108108108,62.032179024097815,37
1240,Male,1.7396828359999998,70.39625396,23.25998294,1.2333333333333334,1.0,0.0,177.21621621621622,55.90587414629484,37
1241,Male,1.7423805469999998,73.15562498,24.09692898,1.0666666666666667,1.0,0.0,197.0625,58.774429761163994,32
1242,Male,1.756863042,75.91614085,24.59565026,1.0,1.0,0.0,202.96666666666667,58.479331581527354,30
1243,Male,1.7172900269999998,73.01202911,24.75751908,1.0,1.0,0.0,196.66666666666666,55.490739968234536,30
1244,Male,1.8119947509999998,81.97736881,24.96779007,1.0,1.0,0.0,195.13333333333333,56.93372365205783,30
1245,Male,1.7022813209999998,71.41327845,24.6442896,1.1,1.0,0.0,180.6969696969697,52.73805184143025,33
1246,Male,1.742167469,70.46600555,23.216666,1.0666666666666667,1.21875,0.24149346118865206,220.28125,81.495642609923,32
1247,Male,1.7111931390000001,71.70015153,24.48623497,1.0,1.1333333333333333,0.1419441726459672,188.6,66.64709045912406,30
1248,Female,1.68685945,65.1287051,22.88835846,1.2,1.2222222222222223,0.24567591039669634,207.47222222222223,79.63192341657535,36
1249,Female,1.656857129,65.2460493,23.76753261,1.0,1.2666666666666666,0.3001234313979401,226.5,89.88168148553223,30
1250,Male,1.702609043,63.52239442,21.91275529,1.2666666666666666,1.3421052631578947,0.3963264392516854,240.60526315789474,107.4768865626962,38
1251,Male,1.776437272,69.07778257,21.8896408,1.7333333333333334,1.0,0.0,179.0,72.29400443275415,52
1252,Male,1.689088567,66.29060373,23.23523822,1.3666666666666667,1.0,0.0,166.65853658536585,64.8050019734993,41
1253,Female,1.668963502,63.34921920000001,22.74299142,1.3333333333333333,1.0,0.0,176.575,65.63417078778402,40
1254,Female,1.671793294,63.93544907,22.87581429,1.2666666666666666,1.0,0.0,191.92105263157896,61.10361414883625,38
1255,Male,1.700513278,66.74913798,23.08264683,1.3,1.0,0.0,183.74358974358975,61.24842978572026,39
1256,Male,1.8368473580000002,80.11585773,23.74500967,1.2,1.0,0.0,177.08333333333334,58.902167004090586,36
1257,Male,1.70805005,68.30833406,23.4138326,1.3333333333333333,1.0,0.0,171.35,58.977347346248116,40
1258,Female,1.707391739,68.52311132,23.50556649,1.2333333333333334,1.0,0.0,187.1891891891892,58.56151205303002,37
1259,Female,1.672794902,65.71927778,23.48590986,1.2666666666666666,1.0,0.0,175.52631578947367,59.799549743994625,38
1260,Female,1.6670173240000001,64.06834354,23.05490141,1.3666666666666667,1.0,0.0,173.9512195121951,66.4500366934554,41
1261,Male,1.733409329,70.67460691,23.52129031,1.0,1.0,0.0,222.13333333333333,59.51791513672352,30
1262,Male,1.77992756,74.66446083,23.56727003,1.0333333333333334,1.0,0.0,197.32258064516128,51.54101848905062,31
1263,Female,1.650817322,61.65985018,22.62582535,1.1666666666666667,1.0,0.0,194.97142857142856,60.80389353806016,35
1264,Female,1.574730914,60.04126127,24.21235874,1.0,1.0,0.0,192.7,56.76040286443827,30
1265,Male,1.652457277,63.96586059,23.42544055,1.1,1.0,0.0,196.06060606060606,55.680331870494875,33
1266,Male,1.688370392,70.13230959999999,24.60269521,1.0,1.0,0.0,200.93333333333334,58.749713947294154,30
1267,Male,1.7746243730000002,75.38620811,23.93751236,1.0666666666666667,1.0,0.0,208.4375,59.541969179310826,32
1268,Male,1.724304751,70.89475393,23.84438086,1.0666666666666667,1.0,0.0,196.03125,66.24220915275622,32
1269,Male,1.7205696719999999,72.32299193,24.43047197,1.0,1.0,0.0,208.83333333333334,59.88771901557854,30
1270,Female,1.667189641,66.00491739,23.74686512,1.1333333333333333,1.0,0.0,197.5,63.20705936002067,34
1271,Male,1.708453809,66.57673649,22.80951338,1.3,1.0,0.0,191.82051282051282,64.57469211134868,39
1272,Female,1.680414563,65.11383126,23.05899507,1.2666666666666666,1.0,0.0,183.6578947368421,63.48488270769642,38
1273,Male,1.701720822,66.95378555,23.12056865,1.3666666666666667,1.0,0.0,169.85365853658536,60.569074043752295,41
1274,Male,1.6948930709999999,63.2827418,22.02929907,1.5333333333333334,1.0,0.0,182.5,71.42181800372013,46
1275,Male,1.6815396319999998,64.6997202,22.88169474,1.3333333333333333,1.0,0.0,188.375,67.00062966122036,40
1276,Female,1.631064176,59.19184635,22.24947608,1.5,1.0,0.0,177.53333333333333,69.39087355937619,45
1277,Male,1.7226557690000002,68.63336289,23.12801035,1.2,1.0,0.0,174.02777777777777,54.30034075558678,36
1278,Male,1.683075629,66.07548849,23.32561589,1.4,1.0,0.0,169.0952380952381,64.43151015717223,42
1279,Female,1.6438625709999999,60.52715831,22.3985173,1.4333333333333333,1.0,0.0,176.13953488372093,64.39109478923122,43
1280,Male,1.678690505,65.43163816,23.21916113,1.3333333333333333,1.0,0.0,173.1,61.22327988600415,40
1281,Male,1.735542579,72.24756103,23.98571366,1.1,1.0,0.0,193.03030303030303,60.229100410613874,33
1282,Male,1.768857521,75.49460807,24.12849476,1.1666666666666667,1.0,0.0,181.6,63.23434871288592,35
1283,Male,1.6578667759999999,68.44531554,24.90258742,1.0,1.0,0.0,193.4,59.333295880137996,30
1284,Male,1.82501868,78.49964479,23.56856079,1.1666666666666667,1.0,0.0,189.65714285714284,58.35259468200577,35
1285,Male,1.7190953430000002,71.94531986,24.3445987,1.1333333333333333,1.0,0.0,179.73529411764707,51.81772852624261,34
1286,Female,1.589519074,57.8701809,22.90463378,1.1,1.2727272727272727,0.3076778589915088,220.36363636363637,89.26073934984653,33
1287,Female,1.5091852780000001,50.49657798,22.17056843,1.1,1.2727272727272727,0.3076778589915088,228.4848484848485,89.36513053089692,33
1288,Female,1.710101991,65.33832405,22.34209866,1.0666666666666667,1.25,0.2795084971874737,217.96875,84.9606483472091,32
1289,Female,1.681107747,64.00666323,22.64822068,1.0,1.2666666666666666,0.3001234313979401,226.93333333333334,90.3289855452259,30
1290,Female,1.609954556,57.62062413,22.2305764,1.1333333333333333,1.2647058823529411,0.2976859665203225,228.88235294117646,91.59721817037898,34
1291,Male,1.6963879519999998,67.15184983,23.33499016,1.1,1.0,0.0,182.72727272727272,56.82790219882799,33
1292,Male,1.745817899,72.74280515,23.86668829,1.0,1.0,0.0,190.5,54.28551065124714,30
1293,Male,1.636052846,64.37054895,24.04875277,1.0,1.0,0.0,192.1,52.535289726684354,30
1294,Male,1.8336114190000001,78.76691076,23.42767565,1.0333333333333334,1.0,0.0,191.29032258064515,60.13972630916358,31
1295,Male,1.716230832,68.62645198,23.29915371,1.1666666666666667,1.0,0.0,178.62857142857143,58.69148671012601,35
1296,Female,1.626808069,58.92834379,22.26648168,1.3,1.0,0.0,184.46153846153845,57.06983852638807,39
1297,Female,1.6941107030000002,67.56131088,23.54043561,1.1666666666666667,1.0,0.0,177.74285714285713,56.01343862076715,35
1298,Male,1.714762167,66.83889976,22.73115516,1.4666666666666666,1.0,0.0,171.5681818181818,63.08162018991842,44
1299,Female,1.61855251,57.82434758,22.07278607,1.5666666666666667,1.0,0.0,183.10638297872342,68.03416977614941,47
1300,Male,1.794269464,73.92715952,22.96300326,1.3,1.0,0.0,173.97435897435898,57.57692164956692,39
1301,Male,1.71819874,69.89411867,23.67521003,1.3333333333333333,1.0,0.0,173.275,68.5273622358252,40
1302,Male,1.7694586209999998,71.92940102,22.97341838,1.3,1.0,0.0,187.35897435897436,61.75820808293199,39
1303,Female,1.721708019,65.83873143,22.21071042,1.4666666666666666,1.0,0.0,182.5,64.66715479353417,44
1304,Female,1.608567298,58.9911334,22.79860477,1.4,1.0,0.0,178.85714285714286,65.91754280143937,42
1305,Male,1.8054070469999999,76.55769692,23.48759738,1.2333333333333334,1.0,0.0,180.32432432432432,62.141970868828906,37
1306,Male,1.8425999990000002,85.37976151,25.14738346,1.0,1.0,0.0,187.6,54.72208573023023,30
1307,Male,1.813640828,80.68057505,24.5282417,1.0333333333333334,1.0,0.0,190.80645161290323,57.16948168206569,31
1308,Male,1.754876638,74.86592599,24.31033904,1.0666666666666667,1.0,0.0,197.5625,64.05804862583624,32
1309,Male,1.712499554,71.12283538,24.25203173,1.0333333333333334,1.0,0.0,200.0,66.04055450031956,31
1310,Male,1.723356097,71.51199572,24.07846784,1.0,1.0,0.0,222.76666666666668,59.47810988553314,30
1311,Male,1.73449086,69.17428953,22.99326666,1.1,1.0,0.0,207.66666666666666,53.51842880935708,33
1312,Female,1.598566519,58.64165747,22.94799842,1.0666666666666667,1.0,0.0,202.875,59.797444552422135,32
1313,Male,1.795087778,77.13431241,23.93735895,1.0,1.0,0.0,196.5,52.6477286626245,30
1314,Male,1.675373276,65.22481543,23.23751545,1.0333333333333334,1.0,0.0,208.83870967741936,56.67399515974965,31
1315,Female,1.675944795,65.24366655,23.22838102,1.1,1.0,0.0,201.33333333333334,64.7099199302065,33
1316,Male,1.72654814,69.8732817,23.43979219,1.0333333333333334,1.2580645161290323,0.28945412946037385,222.67741935483872,85.07428232713589,31
1317,Female,1.587573656,58.7268466,23.3006971,1.0333333333333334,1.3225806451612903,0.37097905244486756,246.16129032258064,103.57637077665643,31
1318,Female,1.514838514,51.71538805,22.53653329,1.1333333333333333,1.2647058823529411,0.2976859665203225,228.38235294117646,87.80468325080079,34
1319,Male,1.814670124,75.36421995,22.88599665,1.1666666666666667,1.2571428571428571,0.28831469687042804,220.54285714285714,91.92870719746409,35
1320,Male,1.7572279480000002,69.81161441,22.60848585,1.1666666666666667,1.2571428571428571,0.28831469687042804,216.14285714285714,89.74024387231401,35
1321,Male,1.749046294,68.8265047,22.49847625,1.2666666666666666,1.0,0.0,177.5,55.97967206237034,38
1322,Female,1.610081642,60.71768571,23.42175391,1.2333333333333334,1.0,0.0,178.35135135135135,66.38960200912946,37
1323,Female,1.5934649180000002,59.82062451,23.55949244,1.2,1.0,0.0,177.63888888888889,60.19696964400274,36
1324,Male,1.7244871869999998,65.76174010000001,22.11328955,1.4666666666666666,1.0,0.0,179.86363636363637,68.08804157088584,44
1325,Female,1.6466974419999998,63.69364463,23.48921368,1.3666666666666667,1.0,0.0,166.34146341463415,57.691614877092064,41
1326,Male,1.821211344,78.38078285,23.63137017,1.1333333333333333,1.0,0.0,198.11764705882354,63.06148479897934,34
1327,Male,1.616559113,64.30694941,24.60790987,1.1333333333333333,1.0,0.0,172.3235294117647,60.29180052936439,34
1328,Male,1.8082819380000001,79.58529593,24.3388776,1.1,1.0,0.0,196.1818181818182,63.28744168855377,33
1329,Male,1.646138985,65.91310312,24.32421077,1.0333333333333334,1.0,0.0,199.16129032258064,55.89223315781296,31
1330,Female,1.7013636019999998,69.85250456,24.13168832,1.2,1.0,0.0,175.41666666666666,60.977853447879845,36
1331,Male,1.7296439819999998,68.09191956,22.76051776,1.3666666666666667,1.0,0.0,180.4390243902439,62.76866111811198,41
1332,Female,1.6551707230000001,63.68327066,23.245546899999997,1.3,1.0,0.0,178.46153846153845,63.151769227848995,39
1333,Female,1.684072741,65.65917512,23.15121188,1.3333333333333333,1.0,0.0,182.75,66.38175577671926,40
1334,Male,1.7169198280000002,66.20880025,22.46030689,1.4333333333333333,1.0,0.0,183.1860465116279,67.95800885908048,43
1335,Male,1.6866171419999998,67.20756515,23.62572486,1.2666666666666666,1.0,0.0,179.3421052631579,61.24638606558091,38
1336,Female,1.621883565,59.1935308,22.50271395,1.4333333333333333,1.0,0.0,169.11627906976744,61.73808492608695,43
1337,Female,1.6512233490000001,61.31082588,22.48668956,1.3,1.0,0.0,178.05128205128204,60.7385944629171,39
1338,Female,1.715001222,66.36419839999999,22.56342301,1.3,1.0,0.0,179.02564102564102,61.94434523538343,39
1339,Male,1.763052766,72.03887253,23.17588282,1.2666666666666666,1.0,0.0,177.05263157894737,62.575826578816844,38
1340,Male,1.74622223,68.93636963,22.6073357,1.3666666666666667,1.0,0.0,175.9512195121951,61.573652592929236,41
1341,Male,1.742270723,71.84144721,23.66703183,1.1666666666666667,1.0,0.0,167.54285714285714,57.72810301361911,35
1342,Female,1.592655905,56.50227531,22.27522115,1.3333333333333333,1.0,0.0,176.925,62.7835119677133,40
1343,Female,1.7223654659999998,65.60477493,22.11489245,1.3666666666666667,1.0,0.0,185.02439024390245,63.4636396014085,41
1344,Male,1.8048607769999998,76.77327831,23.56799688,1.1333333333333333,1.0,0.0,164.94117647058823,52.50598911299132,34
1345,Female,1.547659189,54.26543062,22.65544476,1.3666666666666667,1.0,0.0,166.14634146341464,56.23450940117393,41
1346,Male,1.70156998,68.89993019,23.79683242,1.0,1.0,0.0,205.46666666666667,51.92605854053969,30
1347,Male,1.807363759,76.42314954,23.39557873,1.1333333333333333,1.0,0.0,195.35294117647058,64.01419068453916,34
1348,Male,1.682842266,67.58711355,23.86585935,1.0,1.0,0.0,205.23333333333332,57.26120462892442,30
1349,Male,1.8749907780000001,79.27236529999999,22.54880572,1.1,1.0,0.0,209.21212121212122,64.78671654710558,33
1350,Male,1.720208631,69.88025329,23.61523251,1.0,1.0,0.0,212.23333333333332,63.67662225826856,30
1351,Female,1.6103059530000001,56.91176863,21.94751151,1.0333333333333334,1.967741935483871,1.3575118567216797,371.0967741935484,269.3188052190517,31
1352,Female,1.5304212959999999,50.93773877,21.74791673,1.1,1.9090909090909092,1.256089599468651,398.6060606060606,276.4116180376515,33
1353,Female,1.6438166280000002,59.40327198,21.98384374,1.0,2.0,1.4142135623730951,396.5,289.11606665835785,30
1354,Female,1.6732328269999999,60.70165544,21.681423000000002,1.1666666666666667,1.8571428571428572,1.1680888180615672,402.8,267.31783116197624,35
1355,Female,1.584853929,56.76779051,22.60078425,1.0,2.0,1.4142135623730951,350.7,257.72019711307064,30
1356,Female,1.606464689,56.07551437,21.72855761,1.0666666666666667,1.9375,1.3049447725382863,401.53125,279.5386998334754,32
1357,Female,1.80651893,71.45829692,21.89614336,1.0,2.0,1.4142135623730951,401.46666666666664,294.4861060672755,30
1358,Female,1.5889626419999998,55.27367514,21.8922787,1.0,2.0,1.4142135623730951,407.1333333333333,299.70563335824477,30
1359,Male,1.7159237019999998,64.36591745,21.8604963,1.1,1.9090909090909092,1.256089599468651,359.3333333333333,252.93050109434876,33
1360,Female,1.547012373,52.36573899,21.88062194,1.1333333333333333,1.8823529411764706,1.2105782480647673,354.29411764705884,242.1364899975151,34
1361,Female,1.662663575,60.33461868,21.82517864,1.1,2.090909090909091,1.5774519392317563,384.1515151515151,300.40135575389166,33
1362,Female,1.626087595,57.30615745,21.67271977,1.1333333333333333,2.1470588235294117,1.6807675763881142,441.61764705882354,356.53502966950805,34
1363,Female,1.609980561,56.49730762,21.79648622,1.0666666666666667,2.15625,1.6978577523649103,397.0,323.4644010552011,32
1364,Female,1.5920388719999998,55.40639961,21.86012269,1.0,2.2333333333333334,1.8431354123200356,444.8,376.08027866401085,30
1365,Female,1.5451371390000002,51.76798233,21.68338975,1.1333333333333333,2.235294117647059,1.8468758862969923,425.9117647058824,367.5935915446261,34
1366,Female,1.680265809,61.25158051,21.69508315,1.4333333333333333,1.697674418604651,0.9090337367981457,330.06976744186045,193.92340444711124,43
1367,Male,1.7196226630000002,64.65758038,21.86518358,1.2,1.8333333333333333,1.1283386673105493,336.30555555555554,217.5615136394261,36
1368,Female,1.698005904,62.54513223,21.69277558,1.4666666666666666,1.6818181818181819,0.8842154515095315,322.1363636363636,189.40842625035347,44
1369,Male,1.814029034,73.01035522,22.18686772,1.2,1.8333333333333333,1.1283386673105493,323.4166666666667,212.30330493668018,36
1370,Female,1.624406024,57.15439497,21.66009959,1.6,1.625,0.7967217989988726,318.2916666666667,181.07200850939108,48
1371,Female,1.598638966,55.03763384,21.53569866,0.0,0.0,0.0,0.0,0.0,0
1372,Female,1.6947247140000001,60.24817343,20.97710534,0.1,1.0,0.0,105.33333333333333,3.858612300930075,3
1373,Female,1.573890014,45.80138496,18.48969941,0.1,1.0,0.0,114.33333333333333,8.956685895029603,3
1374,Female,1.64322946,55.02209652,20.37702179,0.06666666666666667,1.0,0.0,109.5,7.5,2
1375,Female,1.61892785,52.88332243,20.17733219,0.06666666666666667,1.0,0.0,108.0,8.0,2
1376,Female,1.499756487,42.77621712,19.01782633,0.06666666666666667,1.0,0.0,105.0,2.0,2
1377,Male,1.73980895,62.65076398,20.69775538,0.03333333333333333,1.0,0.0,113.0,0.0,1
1378,Female,1.6767941709999998,58.26904979,20.72423101,0.13333333333333333,1.0,0.0,108.5,3.2015621187164243,4
1379,Male,1.8852178419999999,93.82036664,26.39818348,0.0,0.0,0.0,0.0,0.0,0
1380,Male,1.803448201,85.21451095,26.20029673,0.0,0.0,0.0,0.0,0.0,0
1381,Female,1.540209908,47.25758983,19.92102786,0.1,1.0,0.0,110.33333333333333,6.18241233033047,3
1382,Female,1.606679379,49.97667872,19.36016041,0.23333333333333334,1.0,0.0,110.85714285714286,7.059513771774763,7
1383,Female,1.6515801490000002,56.55323816,20.73281003,0.13333333333333333,1.0,0.0,105.25,3.766629793329841,4
1384,Female,1.629685517,56.14908777,21.14146569,0.03333333333333333,1.0,0.0,100.0,0.0,1
1385,Female,1.627731354,51.89412465,19.586314899999998,0.03333333333333333,1.0,0.0,117.0,0.0,1
1386,Female,1.6010377219999998,49.54012427,19.32653346,0.13333333333333333,1.0,0.0,109.0,7.582875444051551,4
1387,Female,1.60837288,52.68771546,20.3674137,0.13333333333333333,1.0,0.0,109.0,1.224744871391589,4
1388,Female,1.6876342119999999,59.12379411,20.75896296,0.13333333333333333,1.0,0.0,112.0,3.5355339059327378,4
1389,Female,1.6213573069999998,54.55352398,20.75225731,0.0,0.0,0.0,0.0,0.0,0
1390,Female,1.588191612,47.76039985,18.93486261,0.16666666666666666,1.0,0.0,109.8,6.013318551349163,5
1391,Female,1.469418326,39.39059446,18.24322571,0.23333333333333334,1.0,0.0,108.57142857142857,6.321327682810739,7
1392,Female,1.7446219369999998,64.10492083,21.06147147,0.1,1.0,0.0,109.66666666666667,5.436502143433363,3
1393,Female,1.594309067,54.07139364,21.27269587,0.03333333333333333,1.0,0.0,117.0,0.0,1
1394,Female,1.583142223,46.43086836,18.5253722,0.13333333333333333,1.0,0.0,114.5,8.674675786448736,4
1395,Female,1.688679298,56.26570619,19.7310145,0.2,1.0,0.0,106.5,1.9790570145063195,6
1396,Female,1.614713668,53.11632574,20.37215552,0.06666666666666667,1.0,0.0,110.5,5.5,2
1397,Female,1.650727202,52.94564409,19.4303051,0.13333333333333333,1.0,0.0,113.0,5.612486080160912,4
1398,Female,1.524295903,45.89186473,19.75136615,0.16666666666666666,1.0,0.0,111.2,7.547184905645283,5
1399,Female,1.559759284,51.33854049,21.10223034,0.03333333333333333,1.0,0.0,104.0,0.0,1
1400,Female,1.59085916,49.51671372,19.56538274,0.13333333333333333,1.0,0.0,110.75,5.539629951540085,4
1401,Female,1.6528203000000001,55.86671196,20.45040133,0.13333333333333333,1.0,0.0,111.0,5.244044240850758,4
1402,Female,1.6563014969999998,57.06698996,20.80205197,0.06666666666666667,1.0,0.0,109.5,7.5,2
1403,Female,1.601234021,48.70132071,18.99464237,0.03333333333333333,1.0,0.0,113.0,0.0,1
1404,Female,1.489892292,46.22627664,20.82471984,0.16666666666666666,1.0,0.0,104.4,4.317406628984581,5
1405,Female,1.656681048,56.64648123,20.63930788,0.16666666666666666,1.0,0.0,110.4,7.310266752998826,5
1406,Female,1.716671941,61.65684479,20.92216773,0.06666666666666667,1.0,0.0,110.5,4.5,2
1407,Female,1.587760702,54.30505926,21.54121496,0.0,0.0,0.0,0.0,0.0,0
1408,Female,1.587357167,51.3552348,20.38146535,0.06666666666666667,1.0,0.0,110.0,10.0,2
1409,Female,1.5992856000000002,54.56856088,21.33489189,0.0,0.0,0.0,0.0,0.0,0
1410,Female,1.527664219,45.13453211,19.33985132,0.1,1.0,0.0,111.0,7.2571803523590805,3
1411,Female,1.5862875509999999,50.03524571,19.8843869,0.16666666666666666,1.0,0.0,110.0,6.957010852370434,5
1412,Female,1.499646429,43.87753024,19.51032117,0.1,1.0,0.0,113.33333333333333,5.436502143433364,3
1413,Female,1.593250406,53.81534097,21.20010542,0.0,0.0,0.0,0.0,0.0,0
1414,Male,1.899802526,94.4313627,26.16371053,0.0,0.0,0.0,0.0,0.0,0
1415,Male,1.7545347480000002,80.16442744,26.04100541,0.0,0.0,0.0,0.0,0.0,0
1416,Female,1.655616989,57.69731593,21.04921295,0.03333333333333333,1.0,0.0,100.0,0.0,1
1417,Female,1.524679444,41.96682916,18.05298688,0.06666666666666667,1.0,0.0,116.0,2.0,2
1418,Female,1.614760595,52.94684119,20.30597138,0.16666666666666666,1.0,0.0,109.4,4.079215610874228,5
1419,Female,1.642888429,55.14077888,20.42945375,0.06666666666666667,1.0,0.0,107.0,5.0,2
1420,Female,1.4677852130000002,43.37422301,20.13291647,0.06666666666666667,1.0,0.0,117.0,1.0,2
1421,Female,1.604813144,55.11364751,21.39982437,0.0,0.0,0.0,0.0,0.0,0
1422,Female,1.524962046,46.89295328,20.16459553,0.16666666666666666,1.0,0.0,113.2,6.337191807101943,5
1423,Female,1.5546401109999999,51.62746269,21.36097363,0.0,0.0,0.0,0.0,0.0,0
1424,Male,1.730858433,78.07626698,26.06129209,0.0,0.0,0.0,0.0,0.0,0
1425,Female,1.6500049140000002,54.41367151,19.98653716,0.16666666666666666,1.0,0.0,107.6,4.5431266766402185,5
1426,Female,1.518238241,44.99171058,19.51877929,0.13333333333333333,1.0,0.0,105.5,3.2015621187164243,4
1427,Female,1.7056799969999998,60.49195875,20.79230009,0.03333333333333333,1.0,0.0,103.0,0.0,1
1428,Female,1.6658851280000002,51.13897406,18.42730858,0.16666666666666666,1.0,0.0,108.0,8.648699324175862,5
1429,Female,1.541646305,46.60805986,19.6106294,0.06666666666666667,1.0,0.0,113.0,4.0,2
1430,Female,1.72134346,63.28408865,21.35794494,0.0,0.0,0.0,0.0,0.0,0
1431,Female,1.6671670230000002,54.15608597,19.48449016,0.13333333333333333,1.0,0.0,112.0,6.284902544988268,4
1432,Female,1.708688121,55.86852244,19.13557801,0.16666666666666666,1.0,0.0,112.6,4.923413450036469,5
1433,Female,1.5570943119999998,50.17576207,20.69493852,0.03333333333333333,1.0,0.0,115.0,0.0,1
1434,Male,1.749976334,79.74351669,26.039403600000004,0.0,0.0,0.0,0.0,0.0,0
1435,Female,1.614236587,55.69615006,21.37424597,0.03333333333333333,1.0,0.0,120.0,0.0,1
1436,Male,1.6801879519999998,60.55253391,21.44947117,0.0,0.0,0.0,0.0,0.0,0
1437,Female,1.564921205,52.01367195,21.23892658,0.0,0.0,0.0,0.0,0.0,0
1438,Female,1.652753472,57.89937954,21.19618753,0.1,1.0,0.0,105.33333333333333,7.542472332656507,3
1439,Female,1.5287851590000001,46.91798669,20.07457926,0.1,1.0,0.0,106.66666666666667,3.0912061651652345,3
1440,Male,1.8230809669999999,86.30918745,25.96839532,0.2,1.0,0.0,112.33333333333333,6.49786289653931,6
1441,Female,1.51248394,40.31346388,17.62254272,0.2,1.0,0.0,112.5,5.619905100029122,6
1442,Female,1.564073256,49.74294942,20.33374402,0.1,1.0,0.0,112.66666666666667,2.494438257849294,3
1443,Female,1.5723098080000002,53.18374219,21.51308263,0.0,0.0,0.0,0.0,0.0,0
1444,Female,1.5883840669999998,50.97754487,20.2054195,0.06666666666666667,1.0,0.0,111.0,10.0,2
1445,Female,1.559711855,50.74247757,20.85849272,0.06666666666666667,1.0,0.0,112.0,5.0,2
1446,Female,1.555320584,50.51148859,20.88095359,0.0,0.0,0.0,0.0,0.0,0
1447,Female,1.663438774,49.25054711,17.79907439,0.16666666666666666,1.0,0.0,110.0,4.857983120596447,5
1448,Female,1.543297089,46.39926525,19.48103511,0.06666666666666667,1.0,0.0,109.5,9.5,2
1449,Female,1.7202575080000002,62.65894591,21.17367101,0.06666666666666667,1.0,0.0,112.0,4.0,2
1450,Female,1.53929017,47.16387378,19.9052885,0.1,1.0,0.0,107.0,7.788880963698615,3
1451,Female,1.669483854,58.4736922,20.97954528,0.1,1.0,0.0,108.66666666666667,6.79869268479038,3
1452,Female,1.70578321,61.25837119,21.05318344,0.03333333333333333,1.0,0.0,109.0,0.0,1
1453,Male,1.73344698,78.45525313,26.10964114,0.0,0.0,0.0,0.0,0.0,0
1454,Female,1.635984158,56.66814462,21.172922399999997,0.1,1.0,0.0,116.66666666666667,3.681787005729087,3
1455,Female,1.663283597,56.41561329999999,20.39232315,0.16666666666666666,1.0,0.0,108.4,6.019966777316964,5
1456,Female,1.575024395,51.5667099,20.78714538,0.06666666666666667,1.0,0.0,116.5,1.5,2
1457,Female,1.5753106630000002,49.58474348,19.98092756,0.03333333333333333,1.0,0.0,100.0,0.0,1
1458,Female,1.542410606,47.18118294,19.83210531,0.13333333333333333,1.0,0.0,111.5,5.678908345800274,4
1459,Female,1.6000271169999998,52.07637145,20.34164309,0.06666666666666667,1.0,0.0,111.5,8.5,2
1460,Male,1.7604334330000002,80.52587931,25.98341681,0.0,0.0,0.0,0.0,0.0,0
1461,Female,1.689987385,55.87696416,19.56437042,0.13333333333333333,1.0,0.0,111.25,6.378675411086537,4
1462,Female,1.672882552,58.03436308,20.73740069,0.06666666666666667,1.0,0.0,111.0,2.0,2
1463,Female,1.614394006,54.00817468,20.72241785,0.13333333333333333,1.0,0.0,108.75,5.629165124598851,4
1464,Female,1.5194974769999998,49.58409514,21.47545756,0.0,0.0,0.0,0.0,0.0,0
1465,Female,1.6016967290000002,54.18656,21.12180377,0.0,0.0,0.0,0.0,0.0,0
1466,Female,1.491245582,39.23003945,17.64088645,0.2,1.0,0.0,112.0,7.767453465154029,6
1467,Male,1.670189665,73.00702152,26.17176708,0.0,0.0,0.0,0.0,0.0,0
1468,Female,1.5674049030000001,46.62172423,18.97692885,0.06666666666666667,1.0,0.0,102.5,2.5,2
1469,Female,1.538234487,48.49203663,20.49393417,0.0,0.0,0.0,0.0,0.0,0
1470,Female,1.7484533359999999,65.615021,21.46323497,0.0,0.0,0.0,0.0,0.0,0
1471,Female,1.6667733619999998,54.29605944,19.544079,0.1,1.0,0.0,111.66666666666667,5.734883511361751,3
1472,Female,1.634477206,52.63890667,19.70376067,0.1,1.0,0.0,114.66666666666667,5.557777333511022,3
1473,Female,1.5302549330000002,42.60776292,18.19538111,0.2,1.0,0.0,109.16666666666667,5.30461015427985,6
1474,Female,1.5866366490000001,51.67479735,20.52692137,0.13333333333333333,1.0,0.0,105.25,6.299801584177076,4
1475,Female,1.556768556,49.53073873,20.437449800000003,0.16666666666666666,1.0,0.0,108.4,5.4258639865002145,5
1476,Female,1.572127209,50.46024761,20.41615758,0.16666666666666666,1.0,0.0,111.4,4.923413450036469,5
1477,Female,1.653411276,49.05317748,17.94342544,0.06666666666666667,1.0,0.0,114.5,4.5,2
1478,Female,1.670848977,58.10949436,20.81482204,0.0,0.0,0.0,0.0,0.0,0
1479,Male,1.771111644,82.76532428,26.38496632,0.0,0.0,0.0,0.0,0.0,0
1480,Female,1.476703237,46.94189095,21.52653483,0.0,0.0,0.0,0.0,0.0,0
1481,Female,1.659862283,55.78401627,20.24723231,0.03333333333333333,1.0,0.0,119.0,0.0,1
1482,Female,1.638481345,57.45898309,21.40301389,0.0,0.0,0.0,0.0,0.0,0
1483,Female,1.616168124,52.41209485,20.06589081,0.06666666666666667,1.0,0.0,106.0,2.0,2
1484,Female,1.61788184,52.97398892,20.23806917,0.1,1.0,0.0,105.33333333333333,6.182412330330469,3
1485,Female,1.575632199,43.13662435,17.37546604,0.16666666666666666,1.0,0.0,108.2,5.844655678480984,5
1486,Female,1.572848211,53.13764917,21.47972475,0.0,0.0,0.0,0.0,0.0,0
1487,Female,1.671158725,56.90165586,20.37461932,0.06666666666666667,1.0,0.0,112.0,7.0,2
1488,Female,1.602993713,54.13052729,21.06583215,0.13333333333333333,1.0,0.0,109.25,3.031088913245535,4
1489,Male,1.783713053,83.49142724,26.24169627,0.0,0.0,0.0,0.0,0.0,0
1490,Female,1.5848585259999999,52.91812467,21.06800652,0.16666666666666666,1.0,0.0,109.0,2.6832815729997477,5
1491,Female,1.486312975,47.07674987,21.31012191,0.0,0.0,0.0,0.0,0.0,0
1492,Female,1.6374413209999998,56.63285872,21.12209508,0.06666666666666667,1.0,0.0,111.5,7.5,2
1493,Female,1.6707178740000002,54.39382673,19.48692778,0.13333333333333333,1.0,0.0,114.5,6.689544080129826,4
1494,Female,1.537246345,48.93291004,20.70685325,0.03333333333333333,1.0,0.0,107.0,0.0,1
1495,Female,1.621618239,52.67936808,20.0328766,0.03333333333333333,1.0,0.0,104.0,0.0,1
1496,Female,1.589058826,49.94343566,19.77873286,0.06666666666666667,1.0,0.0,111.0,5.0,2
1497,Female,1.518077238,45.16267389,19.59710457,0.1,1.0,0.0,115.0,6.531972647421808,3
1498,Female,1.6201419769999998,51.81677591,19.74077679,0.13333333333333333,1.0,0.0,107.75,2.947456530637899,4
1499,Female,1.612018949,51.29018624,19.73758397,0.16666666666666666,1.0,0.0,110.4,7.116178749862878,5
1500,Female,1.517902685,48.59573056,21.09163549,0.03333333333333333,1.0,0.0,120.0,0.0,1
1503960366,Female,1.523908061,52.59999847,22.64999962,0.8333333333333334,1.04,0.040792156108742324,143.96,40.28669338627831,25
1624580081,Female,1.6708153419999998,51.24263039,18.35585026,0.5,1.3333333333333333,0.3849001794597505,220.46666666666667,109.14134227043661,15
1644430081,Male,1.8166116330000002,61.90022676,18.75720211,0.3,1.1111111111111112,0.11712139482105115,144.55555555555554,32.527818631301365,9
1844505072,Male,1.7627635259999999,69.40136054,22.33468713,0.0,0.0,0.0,0.0,0.0,0
1927972279,Male,1.6757569909999999,133.5,47.54000092,0.0,0.0,0.0,0.0,0.0,0
2022484408,Male,1.732791466,64.55328798,21.49937165,1.0333333333333334,1.064516129032258,0.06656476833181876,160.58064516129033,39.79537807006805,31
2026352035,Male,1.721869444,65.44217687,22.07279344,0.13333333333333333,1.0,0.0,108.0,6.164414002968976,4
2320127002,Female,1.74498349,55.91836735,18.36419257,0.0,0.0,0.0,0.0,0.0,0
2347167796,Male,1.772923546,64.16780045,20.4144243,0.7333333333333333,1.0909090909090908,0.0949514487031078,157.8181818181818,40.91478380958188,22
2873212765,Female,1.6253523619999999,57.29999924,21.69000053,0.3333333333333333,1.0,0.0,129.6,28.22835453936343,10
3372868164,Male,1.7782575569999999,61.88662132,19.57074902,0.16666666666666666,1.0,0.0,109.8,9.15204895091804,5
3977333714,Male,1.7246634490000001,50.96145125,17.13298632,0.8,1.2916666666666667,0.3314835829128508,174.125,53.69405397519977,24
4020332650,Female,1.6962153919999998,54.72562358,19.02079737,0.1,1.0,0.0,113.33333333333333,3.0912061651652345,3
4057192912,Female,1.688849378,57.80045351,20.26513073,0.06666666666666667,1.0,0.0,109.5,7.5,2
4319703577,Male,1.6249965469999998,72.30000305,27.37999916,0.13333333333333333,1.0,0.0,118.0,14.089002803605371,4
4388161847,Female,1.717551435,51.76417234,17.54727859,0.7,1.0952380952380953,0.09967011780424459,142.14285714285714,34.53483755368029,21
4445114986,Male,1.73482347,56.96598639,18.928013800000002,0.4,1.0,0.0,133.16666666666666,22.97401914240422,12
4558609924,Female,1.5997684840000002,69.09999847,27.0,0.36666666666666664,1.0,0.0,138.54545454545453,23.891282686991758,11
4702921684,Male,1.70485141,55.53741497,19.10788396,0.23333333333333334,1.1428571428571428,0.15272070966424245,141.0,29.24038303442689,7
5553957443,Female,1.734315469,52.64852608,17.50370648,0.7,1.0952380952380953,0.09967011780424459,131.38095238095238,30.719050765037935,21
5577150313,Male,1.7998015459999999,90.69999695,28.0,0.23333333333333334,1.2857142857142858,0.32396954829362345,176.71428571428572,52.37407499687633,7
6117666160,Male,1.805689611,63.49206349,19.473017000000002,0.06666666666666667,1.0,0.0,111.0,5.0,2
6290855005,Female,1.688087376,58.73015873,20.60968387,0.1,1.3333333333333333,0.3849001794597504,161.66666666666666,47.79392492000692,3
6775888955,Male,1.743713487,64.83900227,21.32485416,0.36666666666666664,1.0,0.0,118.0909090909091,12.391012472055891,11
6962181067,Female,1.600320631,61.90000153,24.17000008,0.8333333333333334,1.04,0.040792156108742324,151.48,37.18625036219704,25
7007744171,Male,1.809245618,62.53968254,19.10559702,0.7333333333333333,1.4090909090909092,0.48561191617688154,225.13636363636363,94.2014357620113,22
7086361926,Female,1.70510541,56.25396825,19.34865135,1.0,1.0333333333333334,0.033884334848837676,161.66666666666666,50.325201697816624,30
8053475328,Male,1.722885446,64.07256236,21.58535959,2.2,1.106060606060606,0.11154331999407507,177.12121212121212,51.814718978479675,66
8253242879,Male,1.749555499,65.09750567,21.26713073,0.7666666666666667,1.0869565217391304,0.09065844089438027,184.52173913043478,74.09285700298067,23
8378563200,Female,1.612395225,44.39909297,17.07776729,0.6666666666666666,1.15,0.16085707942145402,167.5,40.874044331335746,20
8583815059,Female,1.737871476,58.73015873,19.44580223,0.43333333333333335,1.0,0.0,139.15384615384616,53.638169752871605,13
8792009665,Male,1.717805436,64.33106576,21.80081859,0.0,0.0,0.0,0.0,0.0,0
8877689391,Male,1.827919272,84.0,25.13999939,1.0333333333333334,1.2903225806451613,0.32978429085313427,265.1290322580645,135.83031605953735,31
