ID,Gender,Age,Height,Weight,BMI,Workout Par Rate,Average Workout Time,STD Workout Time,Average Calories Burnt,STD Calories Burnt,Number of Sessions
1001,Female,23.0,1.6,52.0,20.3125,0.7,1.4761904761904763,0.5785646631371009,304.0,131.36281999177118,21
1002,Male,19.0,1.8,80.0,24.69135802,0.8,1.3333333333333333,0.3849001794597505,276.875,94.90669760348845,24
1003,Male,20.0,1.83,66.0,19.70796381,0.8666666666666667,1.4230769230769231,0.5047002562484586,302.53846153846155,121.5950387002049,26
1004,Male,25.0,1.78,78.0,24.61810377,0.7333333333333333,1.4545454545454546,0.548202444686843,310.72727272727275,131.1121559792595,22
1005,Female,19.0,1.64,53.0,19.70553242,0.7666666666666667,1.391304347826087,0.46155742796315613,288.60869565217394,112.53913157408115,23
1006,Female,51.0,1.59,50.0,19.77769867,0.8,1.0,0.0,228.04166666666666,49.81003845165707,24
1007,Male,19.0,1.83,82.0,24.48565201,0.7333333333333333,1.0,0.0,249.27272727272728,39.8385170157792,22
1008,Male,18.0,1.87,67.0,19.15982728,0.7333333333333333,1.0,0.0,219.0,38.772061168742724,22
1009,Female,24.0,1.56,60.0,24.65483235,0.7333333333333333,1.0,0.0,232.95454545454547,41.756303032897996,22
1010,Female,19.0,1.51,45.0,19.73597649,0.7,1.0,0.0,218.47619047619048,40.763684874347994,21
1011,Male,17.0,1.79,57.0,17.78970694,0.8333333333333334,1.0,0.0,228.28,47.05530363306564,25
1012,Male,27.0,1.8,87.0,26.85185185,0.7666666666666667,1.0,0.0,212.95652173913044,41.40623588917975,23
1013,Male,30.0,1.8,91.0,28.08641975,0.7,1.0,0.0,224.0952380952381,38.77763808459073,21
1014,Male,25.0,1.78,98.0,30.93043808,0.6333333333333333,1.0,0.0,224.57894736842104,47.534271060023165,19
1015,Female,21.0,1.75,88.0,28.73469388,0.7,1.0,0.0,225.28571428571428,47.057353918629225,21
1016,Male,38.0,1.7,78.0,26.98961938,0.7666666666666667,1.0,0.0,240.8695652173913,46.26605887860766,23
1017,Female,21.0,1.65,88.0,32.32323232,0.7666666666666667,1.0,0.0,229.47826086956522,51.50928119425991,23
1018,Male,41.0,1.8,99.0,30.55555556,0.7,1.0,0.0,225.38095238095238,45.648216144644785,21
1019,Female,31.0,1.58,68.0,27.23922448,0.7333333333333333,1.0,0.0,229.8181818181818,39.301441522991546,22
1020,Male,55.0,1.65,80.0,29.38475666,0.8666666666666667,1.0,0.0,211.26923076923077,40.207689364394824,26
1021,Male,21.0,1.76,78.0,25.18078512,0.7666666666666667,1.0,0.0,227.04347826086956,45.814824125394516,23
1022,Male,19.0,1.76,79.0,25.5036157,0.6333333333333333,1.0,0.0,223.3684210526316,37.706917592784365,19
1023,Female,18.0,1.57,50.0,20.28479857,0.6,1.0,0.0,240.27777777777777,37.95436668707942,18
1024,Female,34.0,1.68,77.0,27.28174603,0.6,1.0,0.0,220.88888888888889,41.460675999324806,18
1025,Female,40.0,1.58,63.0,25.23634033,0.7666666666666667,1.0,0.0,234.43478260869566,41.38139267515473,23
1026,Female,33.0,1.56,48.0,19.72386588,0.6666666666666666,1.05,0.05123475382979803,230.4,50.284669632006135,20
1027,Male,23.0,1.68,70.0,24.8015873,0.8333333333333334,1.08,0.0831384387633062,246.8,47.772996556632286,25
1028,Male,20.0,1.8,65.0,20.0617284,0.7333333333333333,1.0,0.0,243.63636363636363,40.49191328305337,22
1029,Female,16.0,1.57,49.0,19.8791026,0.7,1.0476190476190477,0.04873964911611043,235.76190476190476,47.163083455061475,21
1030,Female,17.0,1.75,57.0,18.6122449,0.8666666666666667,1.0769230769230769,0.07982684948658007,251.0,49.658836071740545,26
1031,Male,25.0,1.7,83.0,28.71972318,0.6666666666666666,1.0,0.0,222.8,44.688477262041495,20
1032,Male,21.0,1.65,53.0,19.46740129,0.8666666666666667,1.0,0.0,226.96153846153845,40.46791774806193,26
1033,Female,21.0,1.75,78.0,25.46938776,0.8333333333333334,1.0,0.0,228.28,40.07445071364047,25
1034,Male,21.0,1.85,68.0,19.86851717,0.7666666666666667,1.0,0.0,237.82608695652175,37.89992792687084,23
1035,Female,19.0,1.76,80.0,25.82644628,0.7666666666666667,1.0,0.0,228.56521739130434,45.487529191078984,23
1036,Female,21.0,1.55,49.0,20.39542144,0.7333333333333333,1.0,0.0,224.04545454545453,44.05005135971339,22
1037,Male,20.0,1.83,85.0,25.38146854,0.6,1.0,0.0,232.77777777777777,45.78519357409428,18
1038,Male,21.0,1.75,62.0,20.24489796,0.6,1.0,0.0,232.83333333333334,38.258259819866936,18
1039,Male,21.0,1.72,75.0,25.35154137,0.7,1.0,0.0,214.0952380952381,45.19893041497327,21
1040,Female,18.0,1.45,53.0,25.20808561,0.8,1.0,0.0,238.41666666666666,43.93358307971503,24
1041,Male,24.0,1.78,64.0,20.19946976,0.6,1.0,0.0,230.33333333333334,37.01201006280109,18
1042,Female,23.0,1.59,48.0,18.98659072,0.7666666666666667,1.0,0.0,234.3913043478261,44.96930269923249,23
1043,Female,20.0,1.62,53.0,20.19509221,0.7,1.0,0.0,236.57142857142858,39.55053600090881,21
1044,Male,22.0,1.68,55.0,19.48696145,0.7333333333333333,1.0,0.0,229.3181818181818,48.784671925473,22
1045,Female,21.0,1.5,42.3,18.8,0.7666666666666667,1.0,0.0,227.2608695652174,43.39627051828337,23
1046,Female,23.0,1.75,56.0,18.28571429,0.7666666666666667,1.0,0.0,230.0,43.88720720804343,23
1047,Male,18.0,1.74,86.0,28.40533756,0.7333333333333333,1.0,0.0,222.72727272727272,48.01153442680758,22
1048,Male,23.0,1.72,76.0,25.68956193,0.8666666666666667,1.0,0.0,232.46153846153845,39.27832713149226,26
1049,Male,22.0,1.61,67.0,25.84776822,0.8,1.0,0.0,217.79166666666666,41.903638631454854,24
1050,Male,33.0,1.75,85.0,27.75510204,0.9,1.0,0.0,213.59259259259258,40.634102863243896,27
1051,Female,21.0,1.54,47.0,19.81784449,0.7666666666666667,1.0,0.0,218.3913043478261,46.976163363834154,23
1052,Male,18.0,1.78,64.4,20.32571645,0.6666666666666666,1.0,0.0,221.6,46.35018878062958,20
1053,Female,20.0,1.6,50.0,19.53125,0.6666666666666666,1.0,0.0,231.05,45.29621948904787,20
1054,Female,18.0,1.6,51.0,19.921875,0.5666666666666667,1.0,0.0,223.76470588235293,40.51365697371792,17
1055,Male,38.0,1.75,75.0,24.48979592,0.7333333333333333,1.0,0.0,233.3181818181818,34.330461379253215,22
1056,Male,18.0,1.76,70.0,22.5981405,1.2,1.4722222222222223,0.572971611656337,312.44444444444446,129.43304935802902,36
1057,Female,16.0,1.6,57.0,22.265625,1.1333333333333333,1.2941176470588236,0.33458615234971845,265.6764705882353,82.15038423501944,34
1058,Female,18.0,1.64,59.0,21.93634741,1.0666666666666667,1.8125,1.0938616014491962,376.84375,235.89230385095925,32
1059,Male,23.0,1.65,58.5,21.48760331,1.1333333333333333,1.5,0.6123724356957945,321.8235294117647,141.9835813403867,34
1060,Male,21.0,1.67,60.0,21.51385851,1.1,1.3333333333333333,0.3849001794597504,277.24242424242425,93.46803705886622,33
1061,Female,24.0,1.6,51.0,19.921875,0.7333333333333333,1.0,0.0,211.86363636363637,48.96222612154046,22
1062,Female,21.0,1.6,48.0,18.75,0.7666666666666667,1.0,0.0,221.1304347826087,51.417561158257385,23
1063,Male,23.0,1.65,67.0,24.6097337,0.7333333333333333,1.0,0.0,229.63636363636363,43.58121515113578,22
1064,Female,19.0,1.5,45.0,20.0,0.9,1.0,0.0,213.37037037037038,45.81941053030153,27
1065,Male,20.0,1.6,50.0,19.53125,0.7333333333333333,1.0,0.0,228.04545454545453,38.99123126681792,22
1066,Male,23.0,1.7,69.0,23.87543253,0.8666666666666667,1.0,0.0,231.34615384615384,42.42998060850216,26
1067,Female,24.0,1.6,48.0,18.75,0.8,1.0,0.0,232.91666666666666,35.87236246595544,24
1068,Female,21.0,1.62,64.0,24.38652644,0.7,1.0,0.0,223.14285714285714,47.80146014335477,21
1069,Female,18.0,1.62,50.0,19.05197378,0.7666666666666667,1.0,0.0,229.7826086956522,42.68484765442726,23
1070,Male,17.0,1.7,55.0,19.03114187,0.7666666666666667,1.0,0.0,231.47826086956522,43.318707240353156,23
1071,Male,33.0,1.74,76.0,25.10239133,0.7666666666666667,1.0,0.0,209.2173913043478,40.84110942765467,23
1072,Male,21.0,1.82,67.0,20.22702572,0.7,1.0,0.0,219.33333333333334,31.990077826805607,21
1073,Female,16.0,1.61,65.0,25.07619305,0.9,1.0,0.0,231.44444444444446,37.092809858648835,27
1074,Male,20.0,1.9,91.0,25.20775623,0.6,1.0,0.0,221.72222222222223,43.13648308380629,18
1075,Male,18.0,1.65,70.0,25.71166208,0.8,1.0,0.0,222.70833333333334,47.30088015976964,24
1076,Female,17.0,1.65,67.0,24.6097337,0.6333333333333333,2.0,1.4142135623730951,461.10526315789474,332.71886346473224,19
1077,Male,23.0,1.8,77.0,23.7654321,0.8333333333333334,2.0,1.4142135623730951,460.64,330.47226812548126,25
1078,Female,18.0,1.5,50.0,22.22222222,0.8666666666666667,2.0,1.4142135623730951,461.5769230769231,332.5460639000027,26
1079,Female,25.0,1.61,61.0,23.53304271,0.8,2.0,1.4142135623730951,442.4166666666667,318.6084326149157,24
1080,Female,61.0,1.65,66.0,24.24242424,0.7666666666666667,2.0,1.4142135623730951,448.7391304347826,323.96678573716406,23
1081,Female,21.0,1.63,66.0,24.84098009,0.7333333333333333,1.0,0.0,225.36363636363637,43.982998217850096,22
1082,Male,20.0,1.81,79.0,24.11403803,0.8666666666666667,1.0,0.0,233.26923076923077,38.7313803328155,26
1083,Female,22.0,1.56,49.0,20.13477975,0.8666666666666667,1.0,0.0,210.19230769230768,43.11435530233631,26
1084,Male,23.0,1.77,60.0,19.15158479,0.8333333333333334,1.0,0.0,221.36,35.347282781000295,25
1085,Male,25.0,1.87,66.0,18.873859699999997,0.8333333333333334,1.0,0.0,243.12,43.67728929317844,25
1086,Male,19.0,1.69,65.0,22.75830678,0.8333333333333334,2.24,1.8558620638398742,474.16,398.20488362650707,25
1087,Female,21.0,1.66,64.0,23.22543185,0.7333333333333333,1.8181818181818181,1.103236138576214,392.6363636363636,243.7478898558222,22
1088,Female,24.0,1.65,60.0,22.03856749,0.8333333333333334,2.08,1.5575981510004442,436.6,333.43977687132656,25
1089,Male,19.0,1.67,68.0,24.38237298,0.7,1.8571428571428572,1.168088818061566,367.8095238095238,235.31260490644937,21
1090,Female,18.0,1.63,63.0,23.71184463,0.7,2.1904761904761907,1.7619354045260827,448.2857142857143,365.90529131968475,21
1091,Female,19.0,1.6,60.0,23.4375,0.7333333333333333,1.9090909090909092,1.25608959946865,419.54545454545456,280.59200590735554,22
1092,Male,19.0,1.74,74.0,24.44180209,0.7,1.7619047619047619,1.0113276999376943,362.0,213.0895184121989,21
1093,Female,19.0,1.61,62.0,23.91883029,0.7333333333333333,2.0,1.4142135623730951,424.59090909090907,305.07666696630986,22
1094,Male,21.0,1.81,80.0,24.41927902,0.7,1.9047619047619047,1.2486900597623547,381.85714285714283,254.62514416836368,21
1095,Female,22.0,1.69,65.0,22.75830678,0.8666666666666667,1.8461538461538463,1.149696680823743,389.3076923076923,248.24135919893004,26
1096,Male,26.0,1.7,70.0,24.22145329,0.7333333333333333,1.7727272727272727,1.0288384907847348,399.8636363636364,238.91747924661504,22
1097,Male,38.0,1.75,75.0,24.48979592,0.7666666666666667,1.7391304347826086,0.9747363519763804,369.30434782608694,213.55457423465108,23
1098,Male,22.0,1.7,70.0,24.22145329,0.8666666666666667,1.9615384615384615,1.3466820603574798,426.2692307692308,298.09843127212247,26
1099,Female,19.0,1.69,70.0,24.50894577,0.6666666666666666,1.8,1.0733126291998993,391.75,240.07215061310214,20
1100,Female,23.0,1.6,63.0,24.609375,0.6666666666666666,1.75,0.9921567416492215,386.45,226.25748468282768,20
1101,Male,20.0,1.84,104.0,30.71833648,0.4,1.1666666666666667,0.18002057495577395,234.58333333333334,51.36438229472364,12
1102,Male,20.0,1.98,125.0,31.88450158,0.26666666666666666,1.0,0.0,191.375,23.6798305526032,8
1103,Female,18.0,1.54,71.0,29.93759487,0.4666666666666667,1.0714285714285714,0.07393559564382361,229.57142857142858,44.74089643057098,14
1104,Male,26.0,1.75,80.0,26.12244898,0.5333333333333333,1.1875,0.20432338797846908,232.75,56.21092392720475,16
1105,Male,17.0,1.9,60.0,16.62049861,0.36666666666666664,1.0909090909090908,0.09495144870310783,212.54545454545453,39.90704827318461,11
1106,Female,17.0,1.6,65.0,25.390625,0.3,1.2222222222222223,0.2456759103966964,232.88888888888889,60.06233615974079,9
1107,Male,16.0,1.67,50.0,17.92821543,0.3333333333333333,1.1,0.10488088481701525,226.5,43.005522901134455,10
1108,Female,17.0,1.58,50.0,20.02884153,0.6666666666666666,1.15,0.16085707942145402,215.25,43.00432391050928,20
1109,Female,37.0,1.65,73.0,26.81359045,0.6333333333333333,1.2105263157894737,0.23162930704007617,224.0,52.7745951641208,19
1110,Male,19.0,1.78,64.0,20.19946976,0.5,1.0,0.0,197.8,34.63755187654001,15
1111,Male,24.0,1.66,67.0,24.31412397,0.7,1.619047619047619,0.7876873460613879,312.3333333333333,157.8220986263166,21
1112,Male,21.0,1.88,84.0,23.76641014,0.6333333333333333,1.4736842105263157,0.5750308218949428,284.2105263157895,118.75179052678241,19
1113,Female,21.0,1.6,61.0,23.828125,0.8666666666666667,1.2307692307692308,0.2560154751808751,235.0,59.552820768948145,26
1114,Male,20.0,1.72,70.0,23.66143862,0.9666666666666667,1.3103448275862069,0.3552526374655899,253.3448275862069,78.07003193559105,29
1115,Female,17.0,1.53,55.0,23.49523687,0.6333333333333333,1.263157894736842,0.2957639404994823,246.73684210526315,72.39912418447955,19
1116,Female,18.0,1.67,91.0,32.62935207,0.03333333333333333,1.0,0.0,188.0,0.0,1
1117,Female,32.0,1.67,90.0,32.27078777,0.1,1.0,0.0,179.33333333333334,16.77961726487096,3
1118,Female,23.0,1.6,78.0,30.46875,0.2,1.0,0.0,179.83333333333334,15.181311610734502,6
1119,Male,18.0,1.7,90.0,31.14186851,0.13333333333333333,1.0,0.0,180.0,25.79728667902886,4
1120,Male,39.0,1.79,90.0,28.08901095,0.13333333333333333,1.0,0.0,189.75,27.815238629211866,4
1121,Male,21.0,1.85,83.0,24.25127831,0.8333333333333334,1.96,1.3439999999999999,444.64,312.23012477337926,25
1122,Male,20.0,1.56,45.0,18.49112426,0.8666666666666667,2.0,1.4142135623730951,420.03846153846155,304.4505138517841,26
1123,Female,22.0,1.61,63.0,24.30461788,0.7666666666666667,1.8695652173913044,1.1889743057479312,439.7826086956522,286.7062404551679,23
1124,Male,21.0,1.64,65.0,24.1671624,0.7666666666666667,1.826086956521739,1.1163143103609865,408.1304347826087,259.3908577397903,23
1125,Male,25.0,1.71,71.0,24.28097534,0.8333333333333334,1.88,1.2065952096705836,427.84,283.8580492570186,25
1126,Female,37.0,1.68,83.0,29.40759637,0.7666666666666667,1.0,0.0,233.6086956521739,48.06765081445542,23
1127,Female,19.0,1.65,82.0,30.11937557,0.9,1.0,0.0,237.62962962962962,46.47990258495891,27
1128,Female,18.0,1.59,40.0,15.82215893,0.7666666666666667,1.0,0.0,207.91304347826087,49.76196648172723,23
1129,Female,23.0,1.6,83.0,32.421875,0.8333333333333334,1.0,0.0,233.32,53.687033816369485,25
1130,Male,19.0,1.75,100.0,32.65306122,0.6666666666666666,1.0,0.0,250.4,45.88071490288703,20
1131,Male,31.0,1.76,75.0,24.21229339,1.8333333333333333,1.0,0.0,224.34545454545454,53.07703430155018,55
1132,Female,23.0,1.5,55.0,24.44444444,1.8666666666666667,1.0,0.0,220.85714285714286,43.740888263985326,56
1133,Male,19.0,1.85,65.0,18.99196494,1.7,1.0,0.0,235.50980392156862,46.42023415685491,51
1134,Male,21.0,1.8,62.0,19.13580247,1.4666666666666666,1.0,0.0,222.0,44.852282803969665,44
1135,Male,25.0,1.66,68.0,24.67702134,1.6,1.0,0.0,236.83333333333334,46.01056641927181,48
1136,Female,18.0,1.59,53.0,20.96436059,0.3333333333333333,1.0,0.0,181.0,13.899640283115243,10
1137,Female,18.0,1.6,56.0,21.875,0.16666666666666666,1.0,0.0,172.8,13.789851340750559,5
1138,Female,21.0,1.61,54.5,21.0254234,0.2,1.0,0.0,172.66666666666666,22.632326929023943,6
1139,Female,20.0,1.56,51.5,21.16206443,0.1,1.0,0.0,190.33333333333334,24.458581770458853,3
1140,Male,33.0,1.76,66.5,21.46823347,0.1,1.0,0.0,167.0,10.03327796219494,3
1141,Male,41.0,1.75,118.0,38.53061224,0.0,0.0,0.0,0.0,0.0,0
1142,Male,30.0,1.76,112.0,36.15702479,0.0,0.0,0.0,0.0,0.0,0
1143,Male,23.0,1.75,120.0,39.18367347,0.0,0.0,0.0,0.0,0.0,0
1144,Male,21.0,1.85,125.0,36.5230095,0.0,0.0,0.0,0.0,0.0,0
1145,Female,24.0,1.6,100.5,39.2578125,0.0,0.0,0.0,0.0,0.0,0
1146,Male,41.0,1.75,110.0,35.91836735,0.16666666666666666,1.0,0.0,195.2,33.216863187242716,5
1147,Male,21.0,1.71,100.0,34.19855682,0.16666666666666666,1.0,0.0,199.8,42.291370278107564,5
1148,Male,33.0,1.83,113.0,33.74242289,0.2,1.0,0.0,181.83333333333334,23.75862416517889,6
1149,Male,29.0,1.62,89.0,33.91251334,0.26666666666666666,1.0,0.0,192.875,23.991860598961473,8
1150,Male,20.0,1.8,114.0,35.18518519,0.23333333333333334,1.0,0.0,188.42857142857142,22.499886621029532,7
1151,Male,35.0,1.78,105.0,33.13975508,0.3333333333333333,1.0,0.0,189.1,22.906112721280316,10
1152,Female,26.0,1.56,102.0,41.91321499,0.13333333333333333,1.0,0.0,173.75,13.608361400256829,4
1153,Male,18.0,1.87,173.0,49.47238983,0.13333333333333333,1.0,0.0,199.75,15.594470173750693,4
1154,Male,32.0,1.75,120.0,39.18367347,0.1,1.0,0.0,204.0,38.60915262818736,3
1155,Female,26.0,1.66,112.0,40.64450573,0.26666666666666666,1.0,0.0,201.375,30.294131032264318,8
1156,Male,26.0,1.7,70.0,24.22145329,0.9,1.4074074074074074,0.4833245299273432,279.25925925925924,103.66832043831246,27
1157,Female,20.0,1.5,44.0,19.55555556,0.6666666666666666,1.3,0.34205262752974147,237.05,68.20233317123399,20
1158,Female,36.0,1.58,60.0,24.03460984,0.9333333333333333,1.5,0.6123724356957945,297.39285714285717,130.6904520621307,28
1159,Female,20.0,1.68,68.0,24.09297052,0.6,1.7222222222222223,0.9477972440940142,344.55555555555554,193.9474937077061,18
1160,Male,26.0,1.83,82.0,24.48565201,0.6333333333333333,1.5263157894736843,0.6502323874961499,315.4736842105263,144.59438569863266,19
1161,Male,19.0,1.85,115.0,33.60116874,0.36666666666666664,1.0909090909090908,0.09495144870310783,206.0909090909091,41.57618625741778,11
1162,Male,30.0,1.77,109.0,34.79204571,0.36666666666666664,1.1818181818181819,0.1976572023653124,223.27272727272728,48.43139787912302,11
1163,Female,40.0,1.56,80.0,32.8731098,0.3333333333333333,1.2,0.2190890230020664,225.2,48.758260838549184,10
1164,Female,20.0,1.54,39.0,16.44459437,0.16666666666666666,1.2,0.2190890230020664,229.4,52.69831116838566,5
1165,Female,23.0,1.63,83.0,31.23941436,0.6,1.1111111111111112,0.11712139482105112,231.38888888888889,41.91917724770882,18
1166,Male,22.0,1.84,84.0,24.81096408,0.7333333333333333,1.0,0.0,220.9090909090909,37.0796551554391,22
1167,Female,23.0,1.64,52.0,19.33372992,0.6666666666666666,1.0,0.0,233.75,39.969832373929215,20
1168,Male,20.0,1.6,50.0,19.53125,0.7,1.0,0.0,213.14285714285714,43.68642124688797,21
1169,Male,18.0,1.7,55.3,19.134948100000003,0.7666666666666667,1.0,0.0,210.2173913043478,39.36005094745193,23
1170,Male,18.0,1.85,66.0,19.28414901,0.7666666666666667,1.0,0.0,220.56521739130434,47.59048688912569,23
1171,Female,20.0,1.61,64.0,24.69040546,0.8,1.0,0.0,221.875,42.95376632690859,24
1172,Female,16.0,1.55,45.0,18.73048907,0.8,1.0,0.0,225.33333333333334,43.40954836080294,24
1173,Male,21.0,1.68,70.0,24.8015873,0.8,1.0,0.0,233.20833333333334,51.027753205703874,24
1174,Female,18.0,1.58,48.0,19.22768787,0.7333333333333333,1.0,0.0,222.36363636363637,52.37847012114238,22
1175,Male,21.0,1.75,75.0,24.48979592,0.7333333333333333,1.0,0.0,236.5909090909091,36.87775763606653,22
1176,Male,23.0,1.8,60.0,18.51851852,0.7,1.0,0.0,219.14285714285714,51.49783695345227,21
1177,Female,21.0,1.63,51.0,19.1953028,0.7666666666666667,1.0,0.0,233.6086956521739,46.08285461647341,23
1178,Female,35.0,1.53,45.0,19.22337562,0.9,1.0,0.0,226.92592592592592,37.73487033179624,27
1179,Male,17.0,1.74,56.0,18.49649888,0.8,1.0,0.0,229.70833333333334,45.14280965878053,24
1180,Female,18.0,1.63,51.0,19.1953028,0.7333333333333333,1.0,0.0,241.3181818181818,44.21886307041,22
1181,Female,17.0,1.7,56.0,19.37716263,0.8333333333333334,1.0,0.0,212.8,43.39677407365667,25
1182,Male,22.0,1.74,75.0,24.77209671,0.7,1.0,0.0,232.85714285714286,43.48320498360555,21
1183,Female,20.0,1.62,52.0,19.81405274,0.7,1.0,0.0,205.23809523809524,38.965069536585325,21
1184,Male,18.0,1.72,55.0,18.59113034,0.7,1.0,0.0,230.76190476190476,36.60328473668366,21
1185,Female,23.0,1.7,56.0,19.37716263,0.6666666666666666,1.0,0.0,233.65,41.69325485015532,20
1186,Male,17.0,1.66,56.0,20.32225287,0.6666666666666666,1.0,0.0,226.9,48.424064265610745,20
1187,Male,29.0,1.62,53.0,20.19509221,0.8,1.0,0.0,217.91666666666666,44.25204012873932,24
1188,Female,26.0,1.59,47.0,18.59103675,0.7666666666666667,1.0,0.0,214.91304347826087,45.71928814109581,23
1189,Male,17.0,1.7,70.0,24.22145329,0.8333333333333334,1.0,0.0,231.24,42.885223562434646,25
1190,Female,20.0,1.57,60.0,24.34175829,0.8666666666666667,1.0,0.0,225.57692307692307,42.29945724049231,26
1191,Female,18.0,1.57,48.0,19.47340663,0.8666666666666667,1.0,0.0,225.8846153846154,41.6351616592338,26
1192,Male,22.0,1.64,53.0,19.70553242,0.7333333333333333,1.0,0.0,225.95454545454547,47.0603841045323,22
1193,Male,23.0,1.62,53.0,20.19509221,0.8,1.0,0.0,221.83333333333334,40.8979081236301,24
1194,Male,19.0,1.8,60.0,18.51851852,0.7333333333333333,1.0,0.0,216.8181818181818,31.969639523142416,22
1195,Female,25.0,1.56,45.0,18.49112426,0.7666666666666667,1.0,0.0,234.69565217391303,42.73216361458152,23
1196,Female,25.0,1.57,55.0,22.31327843,0.7,2.0,1.4142135623730951,437.4761904761905,317.64752852958327,21
1197,Male,25.0,1.89,75.0,20.99605274,0.7333333333333333,2.0,1.4142135623730951,431.8181818181818,310.915510300555,22
1198,Male,23.0,1.62,58.0,22.10028959,0.7,2.0,1.4142135623730951,449.7142857142857,323.4430839752623,21
1199,Female,18.0,1.62,55.0,20.95717116,0.7666666666666667,2.0,1.4142135623730951,444.04347826086956,319.0001362954595,23
1200,Male,27.0,1.83,71.0,21.20099137,0.8,2.0,1.4142135623730951,462.2916666666667,333.33922911452635,24
1201,Male,18.0,1.7,60.0,20.76124567,0.8333333333333334,2.0,1.4142135623730951,477.6,342.6818933063141,25
1202,Male,18.0,1.74,64.0,21.13885586,0.7666666666666667,2.0,1.4142135623730951,452.9130434782609,326.3558340749903,23
1203,Female,18.0,1.6,55.0,21.484375,0.8,2.0,1.4142135623730951,470.75,338.9304255054912,24
1204,Female,38.0,1.64,59.8,22.23378941,0.6666666666666666,2.0,1.4142135623730951,466.65,336.2835856832741,20
1205,Female,20.0,1.66,60.0,21.77384236,0.8,2.0,1.4142135623730951,455.0,328.2768140863236,24
1206,Male,18.0,1.8,80.0,24.69135802,0.7,2.0,1.4142135623730951,433.6190476190476,313.4134649309119,21
1207,Female,19.0,1.67,64.0,22.94811574,0.7666666666666667,2.0,1.4142135623730951,463.7391304347826,332.94887974243,23
1208,Male,23.0,1.72,70.0,23.66143862,0.7333333333333333,1.9545454545454546,1.3345028367100156,432.22727272727275,301.3002568196371,22
1209,Female,22.0,1.65,65.0,23.87511478,0.6666666666666666,2.0,1.4142135623730951,447.0,323.9662019408815,20
1210,Male,23.0,1.72,66.0,22.30935641,0.8333333333333334,2.0,1.4142135623730951,463.36,332.3489732194159,25
1211,Female,18.0,1.56,55.0,22.60026298,0.8333333333333334,2.0,1.4142135623730951,474.92,340.5631219025337,25
1212,Male,21.0,1.7,65.0,22.49134948,0.9,2.0,1.4142135623730951,451.22222222222223,324.50184043306206,27
1213,Male,21.0,1.75,72.0,23.51020408,0.5666666666666667,2.0,1.4142135623730951,478.29411764705884,342.9418575313589,17
1214,Male,21.0,1.8,73.0,22.5308642,0.7333333333333333,2.0,1.4142135623730951,468.8636363636364,337.77608236549526,22
1215,Male,23.0,1.75,75.0,24.48979592,0.7333333333333333,1.9545454545454546,1.3345028367100156,395.27272727272725,274.64187185516374,22
1216,Female,23.0,1.65,90.0,33.05785124,0.0,0.0,0.0,0.0,0.0,0
1217,Male,25.0,1.83,121.0,36.13126698,0.0,0.0,0.0,0.0,0.0,0
1218,Female,25.0,1.63,93.0,35.00319922,0.0,0.0,0.0,0.0,0.0,0
1219,Male,30.0,1.92,130.0,35.26475694,0.0,0.0,0.0,0.0,0.0,0
1220,Male,18.0,1.79,52.0,16.22920633,0.0,0.0,0.0,0.0,0.0,0
1221,Male,17.0,1.7,98.0,33.9100346,0.0,0.0,0.0,0.0,0.0,0
1222,Male,23.0,1.74,105.0,34.68093539,0.0,0.0,0.0,0.0,0.0,0
1223,Female,17.0,1.8,50.0,15.43209877,0.0,0.0,0.0,0.0,0.0,0
1224,Male,16.0,1.84,45.0,13.291587900000001,0.0,0.0,0.0,0.0,0.0,0
1225,Female,41.0,1.54,80.0,33.73250126,0.0,0.0,0.0,0.0,0.0,0
1226,Male,21.0,1.75,50.0,16.32653061,0.0,0.0,0.0,0.0,0.0,0
1227,Female,29.0,1.53,78.0,33.32051775,0.0,0.0,0.0,0.0,0.0,0
1228,Female,37.0,1.5,75.0,33.33333333,0.0,0.0,0.0,0.0,0.0,0
1229,Female,25.196214,1.686306,104.572712,36.77440043,0.0,0.0,0.0,0.0,0.0,0
1230,Male,23.0,1.65,95.0,34.89439853,0.0,0.0,0.0,0.0,0.0,0
1231,Male,18.0,1.78,108.0,34.08660523,0.0,0.0,0.0,0.0,0.0,0
1232,Male,17.0,1.67,60.0,21.51385851,0.7333333333333333,1.0,0.0,227.8181818181818,43.015469060704156,22
1233,Male,20.0,1.65,58.0,21.30394858,0.8,1.0,0.0,218.16666666666666,46.85053065038028,24
1234,Male,21.0,1.65,60.0,22.03856749,0.8666666666666667,1.0,0.0,216.57692307692307,51.73465813234882,26
1235,Female,23.0,1.66,60.0,21.77384236,0.7666666666666667,1.0,0.0,222.95652173913044,46.43319489225033,23
1236,Male,16.0,1.82,71.0,21.43460935,0.8333333333333334,1.0,0.0,234.72,40.16019920269321,25
1237,Female,25.0,1.57,55.0,22.31327843,0.7666666666666667,1.0,0.0,214.6086956521739,41.06488940417273,23
1238,Female,17.0,1.6,59.0,23.046875,0.7666666666666667,1.0,0.0,223.34782608695653,43.46173599011091,23
1239,Female,21.0,1.72,66.5,22.47836668,0.7666666666666667,1.0,0.0,226.91304347826087,40.19291852345251,23
1240,Female,21.0,1.53,53.0,22.64086462,0.8,1.0,0.0,208.54166666666666,43.769261632895855,24
1241,Female,21.0,1.55,58.0,24.14151925,0.8333333333333334,1.0,0.0,218.68,47.23026148561958,25
1242,Male,22.0,1.74,75.0,24.77209671,0.7333333333333333,1.0,0.0,229.77272727272728,43.231860955236385,22
1243,Male,19.0,1.8,60.0,18.51851852,0.7666666666666667,1.0,0.0,220.30434782608697,39.53692251511204,23
1244,Male,18.0,1.7,55.0,19.03114187,0.7,1.0,0.0,225.28571428571428,39.08981459974167,21
1245,Male,26.0,1.7,72.0,24.91349481,0.7333333333333333,1.0,0.0,212.9090909090909,30.904411410478268,22
1246,Male,21.0,1.7,65.0,22.49134948,0.7666666666666667,1.0,0.0,225.43478260869566,40.833517867978024,23
1247,Female,38.0,1.55,59.0,24.55775234,0.5,1.0,0.0,222.13333333333333,44.29426850307184,15
1248,Male,26.0,1.9,80.0,22.16066482,0.7333333333333333,1.0,0.0,221.1818181818182,45.70422336128086,22
1249,Female,21.0,1.54,56.0,23.61275089,0.7333333333333333,1.0,0.0,225.27272727272728,43.59335001223531,22
1250,Male,17.0,1.72,62.0,20.9572742,0.9333333333333333,1.0,0.0,234.89285714285714,43.7936225671161,28
1251,Female,24.0,1.56,51.0,20.9566075,0.9,1.0,0.0,242.37037037037038,40.82133442585225,27
1252,Male,21.0,1.66,62.0,22.4996371,0.6,1.0,0.0,231.66666666666666,42.46567241117622,18
1253,Female,22.0,1.65,60.0,22.03856749,0.6333333333333333,1.0,0.0,238.6315789473684,38.70429124354069,19
1254,Female,24.0,1.62,58.0,22.10028959,0.8666666666666667,1.0,0.0,226.80769230769232,39.482244530118784,26
1255,Male,19.0,1.88,79.0,22.35174287,0.8333333333333334,1.0,0.0,221.12,42.93746149925494,25
1256,Male,25.0,1.7,68.0,23.52941176,0.7333333333333333,1.0,0.0,216.63636363636363,39.81268123069406,22
1257,Female,22.0,1.7,66.0,22.83737024,0.7333333333333333,1.0,0.0,216.45454545454547,41.32105700567346,22
1258,Male,34.0,1.78,73.0,23.0400202,0.8,1.0,0.0,224.25,35.11914245346356,24
1259,Male,22.0,1.7,66.4,22.97577855,0.7666666666666667,1.0,0.0,215.3913043478261,42.145440859661186,23
1260,Female,31.0,1.68,63.0,22.32142857,0.6333333333333333,1.0,0.0,239.52631578947367,36.093983200371476,19
1261,Male,18.0,1.93,86.0,23.08786813,0.8666666666666667,1.0,0.0,238.26923076923077,46.09318128472742,26
1262,Female,26.0,1.65,63.0,23.14049587,0.8,1.0,0.0,216.33333333333334,42.58781776778686,24
1263,Male,27.0,1.85,75.0,21.9138057,0.8,1.0,0.0,228.625,41.42343589885642,24
1264,Female,21.0,1.52,56.0,24.23822715,0.7333333333333333,1.0,0.0,217.5909090909091,44.86916241180785,22
1265,Male,17.0,1.75,70.0,22.85714286,0.8333333333333334,1.0,0.0,220.96,38.167504503176524,25
1266,Male,19.0,1.75,76.0,24.81632653,0.7,1.0,0.0,230.38095238095238,44.003761950083735,21
1267,Female,27.0,1.6,61.0,23.828125,0.8333333333333334,1.0,0.0,231.72,45.152647762894254,25
1268,Female,21.0,1.55,57.0,23.72528616,0.7333333333333333,1.0,0.0,232.77272727272728,44.77817225773962,22
1269,Female,17.0,1.63,65.0,24.4646016,0.8,1.0,0.0,228.66666666666666,49.4365474342841,24
1270,Male,24.0,1.7,68.0,23.52941176,0.8,1.0,0.0,229.41666666666666,45.98089881195838,24
1271,Female,21.0,1.69,63.0,22.05805119,0.9,1.0,0.0,225.0,48.97845331254233,27
1272,Male,20.0,1.77,70.0,22.34351559,0.8,1.0,0.0,224.875,41.65864506117948,24
1273,Female,19.0,1.65,61.0,22.40587695,0.7666666666666667,1.0,0.0,215.2173913043478,41.21835441912734,23
1274,Male,19.0,1.69,60.0,21.0076678,0.8,1.0,0.0,246.45833333333334,33.029001355710946,24
1275,Female,18.0,1.62,58.0,22.10028959,0.8666666666666667,1.0,0.0,225.5,53.84468404587402,26
1276,Female,20.0,1.58,53.5,21.43086044,0.7666666666666667,1.0,0.0,236.95652173913044,45.3550996709584,23
1277,Male,18.0,1.76,69.5,22.43672521,0.7666666666666667,1.0,0.0,207.1304347826087,38.822118692968886,23
1278,Female,18.0,1.6,58.0,22.65625,0.7,1.0,0.0,224.04761904761904,46.790797009746015,21
1279,Male,20.0,1.83,72.0,21.49959688,0.7333333333333333,1.0,0.0,231.0,41.815612569295865,22
1280,Male,20.0,1.7,65.0,22.49134948,0.6666666666666666,1.0,0.0,225.35,42.07882484100524,20
1281,Male,30.0,1.75,73.0,23.83673469,0.8,1.0,0.0,222.0,42.80089562925835,24
1282,Male,18.0,1.82,80.0,24.1516725,0.6,1.0,0.0,236.94444444444446,36.78084075865559,18
1283,Male,19.0,1.75,58.0,18.93877551,0.7,1.0,0.0,224.47619047619048,41.90535713862966,21
1284,Male,21.0,1.8,75.0,23.14814815,0.8,1.0,0.0,220.45833333333334,43.284888786067384,24
1285,Male,19.0,1.89,87.0,24.35542118,0.7333333333333333,1.0,0.0,209.5,39.159057932767205,22
1286,Female,19.0,1.5,50.0,22.22222222,0.7666666666666667,1.0,0.0,218.34782608695653,51.89086264178776,23
1287,Female,20.0,1.58,53.0,21.23057202,0.8333333333333334,1.0,0.0,223.04,42.11838553411087,25
1288,Female,22.0,1.6,55.0,21.484375,0.7,1.0,0.0,225.66666666666666,40.241335457028256,21
1289,Male,18.0,1.76,68.0,21.95247934,0.6666666666666666,1.0,0.0,231.1,45.55425336892264,20
1290,Female,21.0,1.66,59.0,21.41094498,0.8333333333333334,1.0,0.0,225.48,51.31714723170025,25
1291,Female,22.0,1.69,65.0,22.75830678,0.7,1.0,0.0,218.33333333333334,38.23776907884381,21
1292,Female,23.0,1.68,67.0,23.73866213,0.7333333333333333,1.0,0.0,214.4090909090909,42.905455354459924,22
1293,Male,21.0,1.67,67.0,24.02380867,0.8333333333333334,1.0,0.0,207.36,43.431675077067894,25
1294,Male,22.0,1.75,70.0,22.85714286,0.7666666666666667,1.0,0.0,218.52173913043478,44.49999469000202,23
1295,Male,19.0,1.82,75.0,22.64219297,0.6666666666666666,1.0,0.0,220.15,41.76035799654979,20
1296,Male,20.0,1.87,75.0,21.44756785,0.9,1.0,0.0,216.8148148148148,35.78851154070311,27
1297,Male,18.0,1.74,70.0,23.120623600000002,0.7,1.0,0.0,215.9047619047619,37.30684191290841,21
1298,Male,26.0,1.72,65.0,21.97133586,0.8333333333333334,1.0,0.0,218.32,43.09591163904065,25
1299,Female,16.0,1.66,58.0,21.04804761,0.9,1.0,0.0,233.59259259259258,44.410758839338364,27
1300,Male,21.0,1.8,72.0,22.22222222,0.7,1.0,0.0,220.66666666666666,35.17078513459896,21
1301,Female,18.0,1.6,60.0,23.4375,0.6333333333333333,1.0,0.0,234.68421052631578,50.38071125422898,19
1302,Male,22.0,1.67,62.0,22.23098713,0.8333333333333334,1.0,0.0,226.2,40.32269832240893,25
1303,Female,22.0,1.65,58.0,21.30394858,0.9333333333333333,1.0,0.0,223.82142857142858,42.54246078199703,28
1304,Female,26.0,1.65,60.0,22.03856749,0.8,1.0,0.0,225.04166666666666,50.21825628084759,24
1305,Male,22.0,1.72,68.0,22.98539751,0.7,1.0,0.0,227.33333333333334,39.0107840198229,21
1306,Female,19.0,1.59,49.0,19.38214469,0.7333333333333333,1.0,0.0,212.27272727272728,41.509234260892114,22
1307,Male,14.0,1.71,72.0,24.62296091,0.7333333333333333,1.0,0.0,219.77272727272728,40.79430866965036,22
1308,Female,24.0,1.77,76.0,24.25867407,0.7333333333333333,1.0,0.0,231.86363636363637,45.967671895628264,22
1309,Male,23.0,1.65,66.0,24.24242424,0.7666666666666667,1.0,0.0,230.2608695652174,47.938563392256775,23
1310,Female,20.0,1.63,64.0,24.08822312,0.8,1.0,0.0,247.91666666666666,34.79214071533334,24
1311,Female,20.0,1.6,57.0,22.265625,0.9,1.0,0.0,226.14814814814815,39.57524825378134,27
1312,Male,18.0,1.8,72.0,22.22222222,0.7666666666666667,1.0,0.0,231.8695652173913,43.65009522159651,23
1313,Female,29.0,1.74,72.0,23.78121284,0.7666666666666667,1.0,0.0,217.6086956521739,40.807862765845364,23
1314,Male,23.0,1.75,69.0,22.53061224,0.8,1.0,0.0,231.54166666666666,42.51468292118488,24
1315,Male,19.0,1.7,65.0,22.49134948,0.7333333333333333,1.0,0.0,239.22727272727272,43.433263141369395,22
1316,Female,33.0,1.55,55.0,22.89281998,0.8,1.0,0.0,216.58333333333334,42.19391412145701,24
1317,Male,18.0,1.6,58.0,22.65625,0.8333333333333334,1.0,0.0,232.36,43.2137755814046,25
1318,Female,23.0,1.66,60.0,21.77384236,0.9333333333333333,1.0,0.0,215.75,47.580476938701295,28
1319,Female,19.0,1.7,64.0,22.14532872,0.6666666666666666,1.0,0.0,244.65,36.56538663818557,20
1320,Female,29.0,1.6,56.0,21.875,0.7,1.0,0.0,232.33333333333334,46.4894594641607,21
1321,Female,23.0,1.65,59.0,21.67125803,0.8333333333333334,1.0,0.0,209.48,41.04155942456378,25
1322,Male,18.0,1.75,70.0,22.85714286,0.6333333333333333,1.0,0.0,232.73684210526315,49.07120723501089,19
1323,Female,32.0,1.57,57.0,23.12467037,0.6333333333333333,1.0,0.0,227.3684210526316,38.33949526932932,19
1324,Female,16.0,1.66,58.0,21.04804761,0.8333333333333334,1.0,0.0,230.08,47.26514148926247,25
1325,Male,26.0,1.91,84.0,23.0256846,0.6666666666666666,1.0,0.0,214.9,44.55771538128947,20
1326,Female,33.0,1.63,62.0,23.33546614,0.7666666666666667,1.0,0.0,232.2173913043478,47.08914443509767,23
1327,Male,33.0,1.85,85.0,24.83564646,0.6,1.0,0.0,218.16666666666666,47.240813333858306,18
1328,Male,21.0,1.72,72.0,24.33747972,0.7333333333333333,1.0,0.0,230.72727272727272,48.344579293933656,22
1329,Male,19.0,1.71,71.0,24.28097534,0.7333333333333333,1.0,0.0,227.63636363636363,39.082134321714,22
1330,Male,22.0,1.75,74.0,24.16326531,0.6333333333333333,1.0,0.0,221.68421052631578,48.54303856164943,19
1331,Male,23.0,1.65,60.0,22.03856749,0.8333333333333334,1.0,0.0,220.84,46.75440514005071,25
1332,Female,21.0,1.63,60.0,22.58270917,0.7333333333333333,1.0,0.0,225.4090909090909,43.77074478659866,22
1333,Male,25.0,1.79,72.0,22.47120876,0.7666666666666667,1.0,0.0,231.8695652173913,43.19752845972042,23
1334,Female,20.0,1.67,60.0,21.51385851,0.8,1.0,0.0,233.70833333333334,48.85819546287899,24
1335,Female,18.0,1.55,56.0,23.30905307,0.7333333333333333,1.0,0.0,222.86363636363637,43.2448582908424,22
1336,Male,21.0,1.82,72.0,21.73650525,0.7,1.0,0.0,222.66666666666666,44.54781629337106,21
1337,Male,19.0,1.8,70.0,21.60493827,0.7666666666666667,1.0,0.0,221.3913043478261,39.0960235167263,23
1338,Female,22.0,1.5,49.0,21.77777778,0.7666666666666667,1.0,0.0,221.7826086956522,43.978212512599946,23
1339,Female,30.0,1.62,59.0,22.48132907,0.7333333333333333,1.0,0.0,221.8181818181818,43.782142855939014,22
1340,Male,20.0,1.6,56.0,21.875,0.7666666666666667,1.0,0.0,220.52173913043478,45.69832036226219,23
1341,Male,18.0,1.73,70.0,23.38868656,0.6333333333333333,1.0,0.0,212.31578947368422,40.59563449641112,19
1342,Male,20.0,1.78,68.0,21.46193662,0.7,1.0,0.0,229.42857142857142,39.922032857596236,21
1343,Male,18.0,1.74,64.0,21.13885586,0.8333333333333334,1.0,0.0,228.84,40.134454026434696,25
1344,Male,20.0,1.8,75.0,23.14814815,0.6,1.0,0.0,205.94444444444446,38.416536112897795,18
1345,Male,23.0,1.68,62.0,21.96712018,0.7333333333333333,1.0,0.0,209.04545454545453,42.409772965381535,22
1346,Female,18.0,1.67,66.0,23.66524436,0.7333333333333333,1.0,0.0,231.4090909090909,33.00917102716798,22
1347,Male,22.0,1.65,62.0,22.77318641,0.7666666666666667,1.0,0.0,234.0,37.18461579973515,23
1348,Female,33.0,1.59,60.0,23.733238399999998,0.8,1.0,0.0,224.875,46.01115127517096,24
1349,Male,20.0,1.66,60.0,21.77384236,0.8333333333333334,1.0,0.0,238.8,43.63209827638364,25
1350,Female,22.0,1.58,58.0,23.23345618,0.7333333333333333,1.0,0.0,243.13636363636363,43.23329467661517,22
1351,Male,17.0,1.8,68.0,20.98765432,0.6666666666666666,2.0,1.4142135623730951,445.55,320.9792049339022,20
1352,Female,19.0,1.61,53.8,20.75537209,0.7333333333333333,2.0,1.4142135623730951,492.59090909090907,351.163196974129,22
1353,Male,17.0,1.69,60.0,21.0076678,0.8,2.0,1.4142135623730951,434.5833333333333,311.3146853801364,24
1354,Female,19.0,1.65,56.0,20.56932966,0.9,2.0,1.4142135623730951,473.77777777777777,341.84553583507625,27
1355,Female,19.0,1.63,58.0,21.8299522,0.6666666666666666,2.0,1.4142135623730951,406.6,291.8353988124128,20
1356,Female,17.0,1.6,53.0,20.703125,0.8666666666666667,1.9615384615384615,1.3466820603574798,438.9230769230769,306.25043375444193,26
1357,Female,18.0,1.62,55.0,20.95717116,0.7666666666666667,2.0,1.4142135623730951,444.8695652173913,320.6228991794891,23
1358,Female,17.0,1.56,51.0,20.9566075,0.7666666666666667,2.0,1.4142135623730951,457.2173913043478,328.77585862923587,23
1359,Female,22.0,1.64,56.0,20.82093992,0.6,2.0,1.4142135623730951,472.55555555555554,339.74958098249033,18
1360,Female,18.0,1.56,51.0,20.9566075,0.7,2.0,1.4142135623730951,446.9047619047619,321.40606270395267,21
1361,Female,21.0,1.55,50.0,20.81165453,0.8333333333333334,2.0,1.4142135623730951,414.12,299.7997331553182,25
1362,Male,22.0,1.65,56.0,20.56932966,0.9666666666666667,2.0,1.4142135623730951,457.82758620689657,329.25270663669005,29
1363,Male,19.0,1.7,60.0,20.76124567,0.8,2.0,1.4142135623730951,424.7916666666667,306.54533378713603,24
1364,Female,18.0,1.55,50.0,20.81165453,0.9,2.0,1.4142135623730951,439.3703703703704,315.5473199238287,27
1365,Female,21.0,1.54,49.0,20.66115702,0.7666666666666667,2.0,1.4142135623730951,477.2608695652174,344.60796881951677,23
1366,Female,23.0,1.63,55.0,20.70081674,0.8333333333333334,1.96,1.3439999999999999,452.6,314.7983634010825,25
1367,Female,18.0,1.64,56.0,20.82093992,0.7666666666666667,2.0,1.4142135623730951,418.5217391304348,299.95159029706633,23
1368,Female,21.0,1.66,57.0,20.68515024,0.8,2.0,1.4142135623730951,462.375,332.9779146830412,24
1369,Male,23.0,1.68,60.0,21.2585034,0.7,2.0,1.4142135623730951,414.6190476190476,299.6902369034368,21
1370,Female,19.0,1.56,50.0,20.54569362,0.8,2.0,1.4142135623730951,496.9166666666667,354.80452364647215,24
1371,Male,22.0,1.75,95.0,31.02040816,0.0,0.0,0.0,0.0,0.0,0
1372,Male,18.0,1.72,53.0,17.91508924,0.0,0.0,0.0,0.0,0.0,0
1373,Female,40.0,1.55,62.0,25.80645161,0.0,0.0,0.0,0.0,0.0,0
1374,Male,20.0,1.67,78.0,27.96801606,0.0,0.0,0.0,0.0,0.0,0
1375,Male,24.0,1.75,84.0,27.42857143,0.0,0.0,0.0,0.0,0.0,0
1376,Male,24.0,1.7,75.0,25.95155709,0.0,0.0,0.0,0.0,0.0,0
1377,Male,33.0,1.85,99.0,28.92622352,0.0,0.0,0.0,0.0,0.0,0
1378,Female,20.0,1.62,45.0,17.14677641,0.0,0.0,0.0,0.0,0.0,0
1379,Female,38.0,1.56,80.0,32.8731098,0.0,0.0,0.0,0.0,0.0,0
1380,Male,23.0,1.82,107.0,32.30286197,0.0,0.0,0.0,0.0,0.0,0
1381,Male,27.0,1.7,78.0,26.98961938,0.0,0.0,0.0,0.0,0.0,0
1382,Male,18.0,1.75,80.0,26.12244898,0.0,0.0,0.0,0.0,0.0,0
1383,Male,18.0,1.7,50.0,17.30103806,0.0,0.0,0.0,0.0,0.0,0
1384,Male,23.0,1.76,90.0,29.05475207,0.0,0.0,0.0,0.0,0.0,0
1385,Male,55.0,1.78,84.0,26.51180407,0.0,0.0,0.0,0.0,0.0,0
1386,Male,34.0,1.84,88.0,25.99243856,0.0,0.0,0.0,0.0,0.0,0
1387,Female,21.0,1.53,65.0,27.76709812,0.0,0.0,0.0,0.0,0.0,0
1388,Male,23.0,1.74,53.0,17.50561501,0.0,0.0,0.0,0.0,0.0,0
1389,Female,18.0,1.7,50.0,17.30103806,0.0,0.0,0.0,0.0,0.0,0
1390,Female,19.0,1.51,59.0,25.87605807,0.0,0.0,0.0,0.0,0.0,0
1391,Female,18.0,1.5,58.0,25.77777778,0.0,0.0,0.0,0.0,0.0,0
1392,Female,21.0,1.52,42.0,18.17867036,0.0,0.0,0.0,0.0,0.0,0
1393,Male,24.0,1.7,85.0,29.41176471,0.0,0.0,0.0,0.0,0.0,0
1394,Female,27.0,1.55,62.0,25.80645161,0.0,0.0,0.0,0.0,0.0,0
1395,Male,21.0,1.62,70.0,26.672763300000003,0.0,0.0,0.0,0.0,0.0,0
1396,Male,18.0,1.77,87.0,27.76979795,0.0,0.0,0.0,0.0,0.0,0
1397,Female,27.0,1.55,63.0,26.222684700000002,0.0,0.0,0.0,0.0,0.0,0
1398,Male,21.0,1.62,70.0,26.672763300000003,0.0,0.0,0.0,0.0,0.0,0
1399,Female,22.0,1.68,52.0,18.42403628,0.0,0.0,0.0,0.0,0.0,0
1400,Male,29.0,1.77,83.0,26.49302563,0.0,0.0,0.0,0.0,0.0,0
1401,Female,40.0,1.68,80.0,28.3446712,0.0,0.0,0.0,0.0,0.0,0
1402,Female,19.0,1.6,45.0,17.578125,0.0,0.0,0.0,0.0,0.0,0
1403,Female,18.0,1.62,68.0,25.91068435,0.0,0.0,0.0,0.0,0.0,0
1404,Male,18.0,1.84,60.0,17.7221172,0.0,0.0,0.0,0.0,0.0,0
1405,Male,25.0,1.7,83.0,28.71972318,0.0,0.0,0.0,0.0,0.0,0
1406,Male,18.0,1.72,53.0,17.91508924,0.0,0.0,0.0,0.0,0.0,0
1407,Male,22.0,1.74,94.0,31.04769454,0.0,0.0,0.0,0.0,0.0,0
1408,Female,24.0,1.5,63.0,28.0,0.0,0.0,0.0,0.0,0.0,0
1409,Male,27.0,1.83,99.0,29.56194571,0.0,0.0,0.0,0.0,0.0,0
1410,Female,30.0,1.65,71.0,26.07897153,0.0,0.0,0.0,0.0,0.0,0
1411,Female,23.0,1.67,75.0,26.89232314,0.0,0.0,0.0,0.0,0.0,0
1412,Female,21.0,1.62,69.0,26.29172382,0.0,0.0,0.0,0.0,0.0,0
1413,Female,36.0,1.65,80.0,29.38475666,0.0,0.0,0.0,0.0,0.0,0
1414,Male,18.0,1.86,110.0,31.795583299999997,0.0,0.0,0.0,0.0,0.0,0
1415,Male,29.0,1.69,90.0,31.5115017,0.0,0.0,0.0,0.0,0.0,0
1416,Female,19.0,1.53,42.0,17.94181725,0.0,0.0,0.0,0.0,0.0,0
1417,Female,18.0,1.71,75.0,25.64891762,0.0,0.0,0.0,0.0,0.0,0
1418,Male,22.0,1.72,82.0,27.71768524,0.0,0.0,0.0,0.0,0.0,0
1419,Male,56.0,1.79,90.0,28.08901095,0.0,0.0,0.0,0.0,0.0,0
1420,Male,27.0,1.93,102.0,27.38328546,0.0,0.0,0.0,0.0,0.0,0
1421,Male,17.0,1.8,97.0,29.9382716,0.0,0.0,0.0,0.0,0.0,0
1422,Female,23.0,1.48,60.0,27.39225712,0.0,0.0,0.0,0.0,0.0,0
1423,Male,27.0,1.72,88.0,29.74580855,0.0,0.0,0.0,0.0,0.0,0
1424,Female,15.0,1.65,86.0,31.58861341,0.0,0.0,0.0,0.0,0.0,0
1425,Female,21.0,1.72,80.0,27.04164413,0.0,0.0,0.0,0.0,0.0,0
1426,Male,17.0,1.62,69.0,26.29172382,0.0,0.0,0.0,0.0,0.0,0
1427,Female,24.0,1.6,45.0,17.578125,0.0,0.0,0.0,0.0,0.0,0
1428,Male,22.0,1.6,66.0,25.78125,0.0,0.0,0.0,0.0,0.0,0
1429,Female,34.0,1.68,75.0,26.57312925,0.0,0.0,0.0,0.0,0.0,0
1430,Male,20.0,1.58,74.0,29.64268547,0.0,0.0,0.0,0.0,0.0,0
1431,Male,20.0,1.8,85.0,26.234567900000002,0.0,0.0,0.0,0.0,0.0,0
1432,Male,23.0,1.7,75.0,25.95155709,0.0,0.0,0.0,0.0,0.0,0
1433,Female,21.0,1.5,65.0,28.88888889,0.0,0.0,0.0,0.0,0.0,0
1434,Male,44.0,1.6,80.0,31.25,0.0,0.0,0.0,0.0,0.0,0
1435,Male,45.0,1.7,86.0,29.75778547,0.0,0.0,0.0,0.0,0.0,0
1436,Male,39.0,1.78,96.0,30.29920465,0.0,0.0,0.0,0.0,0.0,0
1437,Male,34.0,1.69,84.0,29.41073492,0.0,0.0,0.0,0.0,0.0,0
1438,Male,20.0,1.65,80.0,29.38475666,0.0,0.0,0.0,0.0,0.0,0
1439,Male,33.0,1.85,93.0,27.17311907,0.0,0.0,0.0,0.0,0.0,0
1440,Female,28.0,1.7,73.0,25.25951557,0.0,0.0,0.0,0.0,0.0,0
1441,Male,24.0,1.84,86.0,25.40170132,0.0,0.0,0.0,0.0,0.0,0
1442,Male,23.0,1.72,82.0,27.71768524,0.0,0.0,0.0,0.0,0.0,0
1443,Female,23.0,1.63,82.0,30.86303587,0.0,0.0,0.0,0.0,0.0,0
1444,Female,20.0,1.65,75.0,27.54820937,0.0,0.0,0.0,0.0,0.0,0
1445,Male,20.0,1.76,55.0,17.75568182,0.0,0.0,0.0,0.0,0.0,0
1446,Male,17.0,1.8,58.0,17.90123457,0.0,0.0,0.0,0.0,0.0,0
1447,Male,19.0,1.78,81.0,25.56495392,0.0,0.0,0.0,0.0,0.0,0
1448,Male,19.0,1.8,85.0,26.234567900000002,0.0,0.0,0.0,0.0,0.0,0
1449,Female,23.0,1.65,80.0,29.38475666,0.0,0.0,0.0,0.0,0.0,0
1450,Female,29.0,1.7,78.0,26.98961938,0.0,0.0,0.0,0.0,0.0,0
1451,Female,22.0,1.67,50.0,17.92821543,0.0,0.0,0.0,0.0,0.0,0
1452,Female,21.0,1.52,42.0,18.17867036,0.0,0.0,0.0,0.0,0.0,0
1453,Female,37.356288,1.559499,77.26813,31.77094996,0.0,0.0,0.0,0.0,0.0,0
1454,Male,22.0,1.65,80.0,29.38475666,0.0,0.0,0.0,0.0,0.0,0
1455,Female,30.0,1.71,82.0,28.04281659,0.0,0.0,0.0,0.0,0.0,0
1456,Male,18.0,1.85,60.0,17.53104456,0.0,0.0,0.0,0.0,0.0,0
1457,Male,18.0,1.7,78.0,26.98961938,0.0,0.0,0.0,0.0,0.0,0
1458,Female,21.0,1.67,75.0,26.89232314,0.0,0.0,0.0,0.0,0.0,0
1459,Male,18.0,1.75,85.0,27.75510204,0.0,0.0,0.0,0.0,0.0,0
1460,Male,18.0,1.65,85.0,31.22130395,0.0,0.0,0.0,0.0,0.0,0
1461,Male,26.0,1.74,80.0,26.42356982,0.0,0.0,0.0,0.0,0.0,0
1462,Male,19.0,1.7,50.0,17.30103806,0.0,0.0,0.0,0.0,0.0,0
1463,Male,23.0,1.71,50.0,17.09927841,0.0,0.0,0.0,0.0,0.0,0
1464,Male,23.0,1.67,85.5,30.65724838,0.0,0.0,0.0,0.0,0.0,0
1465,Female,23.0,1.63,45.0,16.93703188,0.0,0.0,0.0,0.0,0.0,0
1466,Male,22.0,1.88,90.0,25.46401086,0.0,0.0,0.0,0.0,0.0,0
1467,Female,22.0,1.6,82.0,32.03125,0.0,0.0,0.0,0.0,0.0,0
1468,Female,31.0,1.62,68.0,25.91068435,0.0,0.0,0.0,0.0,0.0,0
1469,Male,41.0,1.8,92.0,28.39506173,0.0,0.0,0.0,0.0,0.0,0
1470,Female,52.0,1.69,87.0,30.46111831,0.0,0.0,0.0,0.0,0.0,0
1471,Female,22.0,1.73,79.0,26.3958034,0.0,0.0,0.0,0.0,0.0,0
1472,Female,38.0,1.5,60.0,26.66666667,0.0,0.0,0.0,0.0,0.0,0
1473,Female,23.0,1.65,70.0,25.71166208,0.0,0.0,0.0,0.0,0.0,0
1474,Female,19.0,1.63,76.0,28.60476495,0.0,0.0,0.0,0.0,0.0,0
1475,Male,22.0,1.78,89.8,28.34238101,0.0,0.0,0.0,0.0,0.0,0
1476,Male,33.0,1.72,83.0,28.05570579,0.0,0.0,0.0,0.0,0.0,0
1477,Male,21.0,1.71,75.0,25.64891762,0.0,0.0,0.0,0.0,0.0,0
1478,Female,19.0,1.54,42.0,17.70956316,0.0,0.0,0.0,0.0,0.0,0
1479,Male,21.0,1.79,105.0,32.77051278,0.0,0.0,0.0,0.0,0.0,0
1480,Male,23.0,1.74,93.5,30.88254723,0.0,0.0,0.0,0.0,0.0,0
1481,Male,18.0,1.7,80.0,27.6816609,0.0,0.0,0.0,0.0,0.0,0
1482,Female,36.0,1.63,80.0,30.110278899999997,0.0,0.0,0.0,0.0,0.0,0
1483,Male,23.0,1.87,95.0,27.16691927,0.0,0.0,0.0,0.0,0.0,0
1484,Female,24.0,1.7,80.0,27.6816609,0.0,0.0,0.0,0.0,0.0,0
1485,Female,20.0,1.6,65.0,25.390625,0.0,0.0,0.0,0.0,0.0,0
1486,Male,26.0,1.85,105.0,30.67932798,0.0,0.0,0.0,0.0,0.0,0
1487,Male,23.0,1.8,90.0,27.77777778,0.0,0.0,0.0,0.0,0.0,0
1488,Male,23.0,1.89,65.0,18.19657904,0.0,0.0,0.0,0.0,0.0,0
1489,Female,18.0,1.6,83.0,32.421875,0.0,0.0,0.0,0.0,0.0,0
1490,Female,20.0,1.64,49.0,18.21832243,0.0,0.0,0.0,0.0,0.0,0
1491,Female,17.0,1.7,85.0,29.41176471,0.0,0.0,0.0,0.0,0.0,0
1492,Male,27.0,1.64,78.0,29.00059488,0.0,0.0,0.0,0.0,0.0,0
1493,Male,19.0,1.82,87.0,26.26494385,0.0,0.0,0.0,0.0,0.0,0
1494,Female,45.0,1.63,77.0,28.98114344,0.0,0.0,0.0,0.0,0.0,0
1495,Male,35.0,1.77,85.0,27.13141179,0.0,0.0,0.0,0.0,0.0,0
1496,Male,19.0,1.8,87.0,26.85185185,0.0,0.0,0.0,0.0,0.0,0
1497,Female,21.0,1.6,68.0,26.5625,0.0,0.0,0.0,0.0,0.0,0
1498,Male,21.0,1.62,70.0,26.672763300000003,0.0,0.0,0.0,0.0,0.0,0
1499,Male,21.0,1.62,70.0,26.672763300000003,0.0,0.0,0.0,0.0,0.0,0
1500,Female,39.0,1.65,50.0,18.36547291,0.0,0.0,0.0,0.0,0.0,0
1503960366,Female,21.0,1.523908061,52.59999847,22.64999962,0.26666666666666666,1.0,0.0,188.5,30.045798375147232,8
1624580081,Female,20.0,1.6708153419999998,51.24263039,18.35585026,0.16666666666666666,1.6,0.7589466384404111,375.6,204.9064567064689,5
1644430081,Male,30.0,1.8166116330000002,61.90022676,18.75720211,0.1,1.0,0.0,167.0,14.165686240583852,3
1844505072,Male,37.0,1.7627635259999999,69.40136054,22.33468713,0.0,0.0,0.0,0.0,0.0,0
1927972279,Male,46.0,1.6757569909999999,133.5,47.54000092,0.0,0.0,0.0,0.0,0.0,0
2022484408,Male,39.0,1.732791466,64.55328798,21.49937165,0.5333333333333333,1.0,0.0,183.25,24.717149916606484,16
2026352035,Male,25.0,1.721869444,65.44217687,22.07279344,0.0,0.0,0.0,0.0,0.0,0
2320127002,Female,25.0,1.74498349,55.91836735,18.36419257,0.0,0.0,0.0,0.0,0.0,0
2347167796,Male,29.0,1.772923546,64.16780045,20.4144243,0.23333333333333334,1.2857142857142858,0.32396954829362345,239.85714285714286,65.14133546378852,7
2873212765,Female,30.0,1.6253523619999999,57.29999924,21.69000053,0.1,1.0,0.0,171.0,9.092121131323903,3
3372868164,Male,41.0,1.7782575569999999,61.88662132,19.57074902,0.0,0.0,0.0,0.0,0.0,0
3977333714,Male,25.0,1.7246634490000001,50.96145125,17.13298632,0.3,1.1111111111111112,0.11712139482105115,183.33333333333334,26.27443013677644,9
4020332650,Female,27.0,1.6962153919999998,54.72562358,19.02079737,0.0,0.0,0.0,0.0,0.0,0
4057192912,Female,24.0,1.688849378,57.80045351,20.26513073,0.0,0.0,0.0,0.0,0.0,0
4319703577,Male,40.0,1.6249965469999998,72.30000305,27.37999916,0.0,0.0,0.0,0.0,0.0,0
4388161847,Female,23.0,1.717551435,51.76417234,17.54727859,0.2,1.0,0.0,174.66666666666666,19.19780079997591,6
4445114986,Male,19.0,1.73482347,56.96598639,18.928013800000002,0.13333333333333333,1.0,0.0,160.0,9.192388155425117,4
4558609924,Female,28.0,1.5997684840000002,69.09999847,27.0,0.1,1.0,0.0,170.0,14.30617582258329,3
4702921684,Male,21.0,1.70485141,55.53741497,19.10788396,0.06666666666666667,1.0,0.0,157.5,0.5,2
5553957443,Female,25.0,1.734315469,52.64852608,17.50370648,0.03333333333333333,1.0,0.0,232.0,0.0,1
5577150313,Male,46.0,1.7998015459999999,90.69999695,28.0,0.13333333333333333,1.0,0.0,159.25,4.968651728587948,4
6117666160,Male,44.0,1.805689611,63.49206349,19.473017000000002,0.0,0.0,0.0,0.0,0.0,0
6290855005,Female,36.0,1.688087376,58.73015873,20.60968387,0.0,0.0,0.0,0.0,0.0,0
6775888955,Male,45.0,1.743713487,64.83900227,21.32485416,0.0,0.0,0.0,0.0,0.0,0
6962181067,Female,34.0,1.600320631,61.90000153,24.17000008,0.3333333333333333,1.0,0.0,182.6,29.655353648203217,10
7007744171,Male,27.0,1.809245618,62.53968254,19.10559702,0.5666666666666667,1.0,0.0,193.2941176470588,32.46856344923113,17
7086361926,Female,23.0,1.70510541,56.25396825,19.34865135,0.4666666666666667,1.0,0.0,201.5,36.3843569212296,14
8053475328,Male,28.0,1.722885446,64.07256236,21.58535959,1.5,1.0222222222222221,0.02246777909348601,188.86666666666667,41.216452426395016,45
8253242879,Male,27.0,1.749555499,65.09750567,21.26713073,0.3,1.0,0.0,257.77777777777777,31.964486466416574,9
8378563200,Female,18.0,1.612395225,44.39909297,17.07776729,0.3,1.0,0.0,176.44444444444446,23.917037679403876,9
8583815059,Female,22.0,1.737871476,58.73015873,19.44580223,0.1,1.0,0.0,226.66666666666666,48.56153027059817,3
8792009665,Male,29.0,1.717805436,64.33106576,21.80081859,0.0,0.0,0.0,0.0,0.0,0
8877689391,Male,38.0,1.827919272,84.0,25.13999939,0.6,1.1666666666666667,0.18002057495577395,333.44444444444446,102.15294552696653,18
