ID,a0,b0,c0,d0,a1,b1,c1,d1,a2,b2,c2,d2,a3,b3,c3,d3,Average Daily Steps,No of active session,A_Mean,A_Median,A_Mode,No of sedentary session,S_Mean,S_Median,S_Mode,Cluster
1471,3.1666666666666665,-74.6516846171833,115.06086025910831,-38.242508975258325,5.333333333333333,40.742508975258325,0.3333333333333286,-38.242508975258325,8.166666666666666,-73.31835128384998,-114.39419359244161,190.3792115429583,10.833333333333332,269.0308961601416,456.7434410364332,-219.27433719657472,17124.333333333332,15,4052.299999999999,3789.0,53,6,2858.416666666666,9.5,14,0
1464,2.0,-62.49657994120284,98.49486991180426,-32.99828997060142,5.0,35.49828997060142,-0.5,-32.99828997060142,7.0,-64.49657994120284,-99.49486991180427,166.32478318634045,9.333333333333334,235.48802979420998,399.47947964721686,-120.30084277476021,18261.33333333333,14,4571.297619047619,4490.333333333332,56,6,3046.944444444444,8.166666666666668,7,0
1465,2.0,-57.117533197118355,89.00963312901087,-29.558766598559174,4.333333333333334,32.22543326522585,0.3333333333333428,-29.558766598559192,7.333333333333334,-55.78419986378504,-88.34296646234421,147.12716632612924,10.333333333333334,208.91136618991428,353.03853251604363,-145.7832320392912,16026.333333333332,15,4175.11111111111,4112.333333333333,9,6,2674.555555555555,8.833333333333334,7,0
1466,2.6666666666666665,-50.042452041401965,79.85534472876961,-26.81289268736765,5.666666666666666,29.229559354034315,-0.5833333333333321,-26.81289268736765,7.499999999999999,-52.3757853747353,-81.0220113954363,135.56446343683822,9.666666666666666,192.27358214490692,325.6713789150786,-105.2782943933189,16502.333333333332,13,4089.730769230769,3959.833333333334,8,6,2754.194444444444,8.583333333333332,11,0
1467,3.0,-51.56331281743905,81.55330255949191,-27.156656408719524,5.833333333333334,30.07332307538619,0.0833333333333357,-27.15665640871953,8.833333333333334,-51.22997948410572,-81.38663589282523,135.7832820435976,12.0,193.34659486103664,325.9632102379677,-143.3098050990044,15545.333333333332,9,3853.907407407408,3573.0,129,6,2595.6666666666665,10.416666666666668,13,0
1468,1.8333333333333333,-61.29709751780736,95.2373129433777,-31.60688209223701,4.166666666666667,34.35688209223701,0.41666666666667496,-31.606882092237026,7.333333333333334,-59.6304308511407,-94.40397961004436,156.0344104611851,9.333333333333334,219.66484131232582,373.6992517735108,-139.5307597525033,18463.66666666667,18,4984.768518518519,5181.916666666667,29,6,3080.805555555556,8.333333333333334,6,0
1469,2.0,-35.514996992659995,56.81416215565665,-18.96583182966333,4.333333333333334,21.21583182966333,-0.08333333333333215,-18.965831829663333,6.5,-35.84833032599333,-56.98082882232333,95.32915914831665,9.0,136.17748947431002,229.0066486226268,-25.51747143027012,16738.0,11,4769.151515151515,4801.666666666667,117,6,2792.833333333333,7.75,7,0
1475,2.6666666666666665,-30.98510053057279,50.935984129192526,-17.117550265286393,5.5,19.534216931953058,-0.4166666666666643,-17.117550265286397,7.5,-32.65176719723946,-51.76931746252586,86.92108465976531,10.0,124.57285185700478,208.9939365167701,2.5998782928918445,15664.0,10,4286.833333333334,4519.833333333334,115,6,2614.444444444445,8.75,11,0
1463,3.333333333333333,-69.62508198818354,109.18762298227531,-36.562540994091776,6.333333333333334,39.062540994091776,-0.5,-36.562540994091776,8.333333333333334,-71.62508198818355,-110.18762298227531,183.81270497045887,10.333333333333334,259.4377869586424,441.2504919291015,-153.3549455544105,16253.0,12,4448.680555555556,4195.916666666666,69,6,2713.2500000000005,9.333333333333334,15,0
1470,2.1666666666666665,-82.90898803371509,128.03014871723929,-42.62116068352421,4.666666666666666,45.28782735019089,0.1666666666666785,-42.621160683524224,7.5,-82.24232136704843,-127.69681538390594,211.9391367509544,9.5,298.1814581180028,508.1205948689572,-241.30205298695998,17147.666666666668,12,4546.847222222223,4639.75,74,6,2861.416666666666,8.5,8,0
1474,2.5,-65.15731837364355,101.11097756046532,-33.62032585348844,4.833333333333334,36.203659186821774,0.25,-33.62032585348844,7.666666666666668,-64.15731837364355,-100.61097756046536,167.60162926744223,10.500000000000002,237.42561430775243,402.1939102418612,-137.11952454961366,18039.333333333336,15,4574.944444444444,4493.333333333334,50,6,3010.5,9.083333333333336,10,0
1473,3.0,-59.59690058794281,94.02035088191424,-31.590116960638074,5.833333333333334,33.67345029397141,-0.75,-31.59011696063807,7.166666666666668,-62.59690058794281,-95.52035088191424,160.4505848031904,9.5,227.71415205779982,385.831403527657,-178.71222225212352,16545.333333333332,13,4270.717948717948,4132.0,19,6,2761.416666666666,8.333333333333334,13,0
1472,2.833333333333333,-87.47594090946717,134.4222446975341,-44.612970454733585,5.166666666666667,47.52963712140024,0.5833333333333286,-44.61297045473357,8.666666666666668,-85.14260757613381,-133.25557803086735,220.06485227366787,10.333333333333334,308.540793183135,526.9389787901364,-269.146438639938,17045.666666666664,11,4582.833333333333,4469.833333333333,75,6,2844.75,9.5,12,0
1462,2.333333333333333,-60.845472947483536,97.22654275455866,-32.71440314040844,6.0,35.46440314040844,-0.9166666666666714,-32.71440314040843,7.833333333333332,-64.5121396141502,-99.05987608789196,166.23868236870882,10.5,236.08415531619235,399.65617101823455,-217.07365966776024,14783.0,11,3301.3030303030305,3050.666666666667,10,6,2467.8888888888887,9.166666666666666,9,0
1457,3.1666666666666665,-60.3456098669606,94.64341480044092,-31.46447160014697,6.0,34.5478049334803,0.25000000000000355,-31.46447160014697,9.333333333333334,-59.3456098669606,-94.14341480044092,155.4890246674015,11.333333333333336,218.8346345343621,372.3236592017634,-160.32496040279216,16601.0,15,4516.5,4376.166666666666,15,6,2771.222222222222,10.333333333333334,14,0
1460,2.333333333333333,-53.909271034506524,87.44723988509311,-29.37130218391993,6.5,32.87130218391992,-0.6666666666666607,-29.37130218391993,9.333333333333334,-56.57593770117318,-88.78057321842644,148.18984425293294,12.166666666666668,210.43244862077282,355.78895954037245,-138.38807482781192,14643.0,11,3831.4393939393954,3901.833333333334,14,6,2445.083333333333,10.75,9,0
1448,3.1666666666666665,-48.519703628193426,75.40455544229016,-25.051518480763388,5.0,27.134851814096717,0.25,-25.051518480763388,7.333333333333334,-47.519703628193426,-74.90455544229016,127.09092573715023,12.0,183.94396269867698,306.36822176916064,-24.145517801170968,18451.33333333333,15,4828.333333333332,4453.5,36,6,3079.5555555555547,9.666666666666668,14,0
1449,2.6666666666666665,-36.5126039121519,59.39390586822786,-19.88130195607595,5.666666666666666,22.63130195607595,-0.25,-19.88130195607595,8.166666666666666,-37.5126039121519,-59.893905868227854,99.40650978037978,10.166666666666666,140.91911369253162,238.32562347291142,-110.57807049877636,14126.333333333336,8,4143.333333333334,4177.750000000001,130,6,2358.444444444445,9.166666666666666,11,0
1450,3.333333333333333,-64.278504079543,98.45942278598116,-32.68091870643816,4.833333333333334,34.597585373104835,0.4166666666666643,-32.68091870643816,7.166666666666668,-62.611837412876326,-97.62608945264783,161.57126019885754,8.500000000000002,226.8497642784005,387.0876911439248,-147.43745542232526,16194.666666666664,12,3914.6249999999986,4095.5,35,6,2702.694444444444,7.833333333333335,15,0
1451,1.3333333333333333,-68.19673573961066,105.96177027608265,-35.265034536471994,3.833333333333333,37.931701203138665,0.1666666666666714,-35.265034536472,6.666666666666666,-67.530069072944,-105.62843694274929,175.32517268235995,8.833333333333332,247.18857508863726,420.3470811043307,-188.8689895263013,16871.0,14,4626.595238095238,4676.0,38,6,2814.7499999999995,7.749999999999999,3,0
1452,3.6666666666666665,-76.99131331305755,121.32030330291964,-40.66232332319544,7.333333333333332,43.66232332319544,-0.6666666666666714,-40.66232332319543,9.666666666666666,-79.6579799797242,-122.65363663625295,204.47828328264384,11.833333333333332,288.4695965957014,490.7812132116787,-220.41747647404668,17617.0,16,4585.072916666667,4594.333333333334,72,6,2941.0277777777787,10.75,17,0
1447,2.5,-79.27025184377545,121.94704443232985,-40.67679258855439,4.5,42.59345925522106,-0.0833333333333286,-40.6767925885544,6.333333333333332,-79.6035851771088,-122.11371109899649,204.71729627610532,9.333333333333332,290.3208814532141,492.03817772931956,-275.35905918253354,13998.333333333336,5,4235.933333333333,5168.000000000001,52,6,2336.361111111112,7.833333333333332,10,0
1476,2.833333333333333,-58.95205936900721,90.1780890535108,-29.726029684503604,4.333333333333334,32.2260296845036,1.0,-29.726029684503604,7.833333333333334,-54.95205936900721,-88.1780890535108,146.46348175585138,11.166666666666668,208.08220779152518,351.2123562140432,-159.46123067223502,16830.666666666664,12,4432.069444444444,4166.083333333334,136,6,2808.944444444444,9.5,12,0
1461,1.3333333333333333,-55.162207324634245,85.78497765361806,-28.789436995650462,3.1666666666666665,30.039436995650462,-0.5833333333333357,-28.789436995650448,3.833333333333333,-57.495540657967574,-86.95164432028471,146.11385164491898,5.5,206.94272563621988,351.3899106144721,-185.832636250692,16165.333333333336,12,4055.305555555556,3663.75,126,6,2696.25,4.666666666666666,3,0
1453,2.833333333333333,-64.10761433175327,101.45308816429657,-33.8454738325433,6.333333333333334,37.26214049920997,-0.0833333333333286,-33.845473832543306,9.666666666666668,-64.44094766508661,-101.61975483096323,169.2273691627165,12.833333333333336,240.00165016113647,406.0623526571863,-189.06400281832268,16084.666666666664,15,4404.877777777779,4656.166666666667,30,6,2685.833333333333,11.25,12,0
1446,3.5,-55.74713022280113,84.57902866753503,-27.66523177806723,4.666666666666667,30.41523177806723,1.583333333333332,-27.66523177806723,9.0,-49.41379688946779,-81.41236200086838,133.6594922236695,11.833333333333336,188.73995577980395,319.5661146701403,-103.13940378327754,17595.666666666668,15,4597.488888888888,4740.5,3,6,2936.8611111111113,10.416666666666668,16,0
1455,3.6666666666666665,-4.232429131947212,12.056977031254153,-4.324547899306939,7.166666666666666,6.907881232640272,-0.916666666666668,-4.324547899306938,8.833333333333332,-7.899095798613878,-13.890310364587483,23.62273949653469,10.666666666666666,35.18850196181524,56.97790812501666,71.33358991316811,16292.0,12,4495.097222222223,4460.416666666667,90,6,2720.1111111111113,9.75,17,0
1456,1.8333333333333333,-58.074927286613544,89.11239092992031,-29.70413030997344,3.1666666666666665,31.037463643306772,0.0,-29.70413030997344,4.5,-58.074927286613544,-89.11239092992031,148.18731821653384,5.5,208.2622455031474,355.44956371968107,-73.71180922282848,16392.0,12,4283.01388888889,4151.083333333333,43,6,2733.9722222222213,5.0,6,0
1445,3.0,-52.04336429017053,82.9400464352558,-27.730015478418604,6.166666666666666,30.646682145085265,-0.25000000000000355,-27.730015478418604,8.833333333333332,-53.04336429017053,-83.4400464352558,138.98341072542632,11.333333333333332,197.02677501559685,333.51018574102324,-135.3702940899534,16882.0,13,4420.25641025641,4266.0,100,6,2818.222222222222,10.083333333333332,13,0
1444,2.1666666666666665,-66.00845868195498,103.7210213562658,-34.54589600764416,5.333333333333333,37.795896007644146,0.0833333333333286,-34.545896007644146,8.666666666666666,-65.67512534862163,-103.55435468959914,172.0628133715541,11.5,243.40460538684243,412.63408542506335,-168.0386908119057,17695.666666666664,15,4708.088888888888,4713.666666666666,45,6,2953.361111111111,10.083333333333332,8,0
1458,2.5,-114.41568231160669,174.66519013407668,-58.082841155803344,4.666666666666666,60.66617448913668,0.4166666666666714,-58.08284115580336,7.666666666666666,-112.74901564494006,-173.83185680074337,289.0808724456834,10.166666666666666,406.8298880906234,693.4107605363066,-424.5739819602634,17888.333333333336,13,4638.461538461538,4331.0,92,6,2985.1944444444453,8.916666666666666,10,0
1459,1.8333333333333333,-77.4653001192457,118.94795017886858,-39.315983392956184,4.0,42.48265005962285,1.000000000000007,-39.315983392956184,8.166666666666668,-73.4653001192457,-116.94795017886857,192.2465836314476,10.000000000000002,269.37855041736,459.7918007154743,-208.17035113283433,19019.666666666664,16,4982.21875,4786.833333333332,62,6,3173.416666666666,9.083333333333336,6,0
1454,2.333333333333333,-58.6601526400925,91.82356229347208,-30.663409653379578,4.833333333333334,32.996742986712924,-0.16666666666667496,-30.663409653379574,7.0,-59.326819306759155,-92.15689562680538,153.65038160023119,9.166666666666666,217.3105342403237,368.7942491738885,-211.9381167475456,16050.333333333332,12,4716.152777777777,4881.083333333333,120,6,2678.527777777777,8.083333333333332,9,0
1477,2.5,-62.15710433288892,97.40232316600004,-32.411885499777796,5.333333333333334,35.411885499777796,0.1666666666666643,-32.411885499777796,8.5,-61.490437666222256,-97.06898983266674,161.39276083222234,11.333333333333336,228.54986516511124,387.1092926640002,-183.9924911624448,16757.333333333332,14,4505.27380952381,4849.916666666666,17,6,2797.027777777777,9.916666666666668,10,0
1491,2.6666666666666665,-57.53172990362036,90.00592818876386,-29.974198285143515,5.166666666666666,32.557531618476844,0.08333333333333215,-29.974198285143515,7.833333333333332,-57.19839657028703,-89.8392615220972,148.87099142571756,9.666666666666666,209.73605466267125,356.77371275505544,-119.84310075106009,18482.0,16,4652.677083333334,4635.166666666666,26,6,3084.1111111111113,8.75,11,0
1479,1.1666666666666667,-66.85647151575223,105.36804060696169,-35.34490242454278,4.333333333333333,37.84490242454278,-0.6666666666666572,-35.34490242454279,6.166666666666666,-69.5231381824189,-106.70137394029499,178.7245121227139,8.666666666666666,253.24765030513282,429.47216242784674,-181.7198127329796,15110.0,10,4138.183333333333,4679.416666666666,48,6,2521.333333333333,7.416666666666666,2,0
1500,2.6666666666666665,-45.18775388831946,73.98996416581251,-25.135543610826396,6.333333333333332,27.385543610826396,-1.416666666666675,-25.135543610826392,7.166666666666666,-50.85442055498611,-76.82329749914584,131.34438472079862,10.833333333333332,189.53213860911808,317.20985666325015,-164.90866193903491,16116.666666666664,13,4714.923076923077,4506.333333333333,127,6,2690.3888888888887,9.0,11,0
1844505072,4.333333333333333,1.0830081841672596,2.042154390415778,-0.4584959079163706,7.0,3.7918292412497037,0.6666666666666683,-0.4584959079163724,11.0,3.749674850833924,-0.7088210570824502,-0.3741871270848076,13.666666666666664,1.2094713554146002,-1.8313824383368744,0.6219110829222739,3744.666666666667,0,0.0,0.0,0,15,638.4555555555556,13.666666666666664,31,2
1927972279,3.1666666666666665,3.0309383579959643,-0.8797408703272809,0.3488025123313161,5.666666666666666,2.317864154335351,0.16666666666666785,0.3488025123313152,8.5,3.6976050246626317,1.213074203660616,-1.4106792283232483,12.0,1.8917157470141202,-3.0189634813091284,1.1272477342950085,2817.0,0,0.0,0.0,0,18,394.4259259259258,17.833333333333336,29,2
2026352035,2.5,-3.1176638247200072,7.593162403746677,-2.4754985790266697,4.5,4.642165245693337,0.1666666666666674,-2.4754985790266706,6.833333333333334,-2.45099715805334,-7.259829070413343,10.877492895133347,8.0,15.661823386520018,25.37264961498671,-37.2011396681734,10390.333333333334,4,2844.0,2970.5,140,8,1304.3333333333335,9.916666666666668,28,1
2320127002,3.8333333333333335,-1.0273268486374425,1.3743236062894972,-0.013663424318721251,4.166666666666667,1.6803300909853882,1.3333333333333337,-0.013663424318721695,7.166666666666668,4.30600648469589,1.2923430603771644,-2.2650162117397206,10.5,0.09564397023105543,-5.502705574842,5.407061604610945,6192.666666666668,1,3091.0000000000005,3091.0000000000005,155,9,725.1481481481482,10.5,24,1
1443,1.6666666666666667,-38.83433911838841,61.29317534424928,-20.292169559194203,3.833333333333333,22.875502892527532,0.4166666666666643,-20.2921695591942,6.833333333333332,-37.167672451721735,-60.459842010915956,99.79418112930435,9.0,141.2951869143594,238.92270137699703,-80.0512216246898,15898.0,13,4822.371794871795,4964.5,122,6,2652.583333333333,7.916666666666666,5,0
1499,3.0,-82.00616795954801,129.4259186059887,-43.41975064644067,7.0,46.58641731310735,-0.8333333333333286,-43.419750646440676,9.333333333333334,-85.33950129288135,-131.09258527265536,219.43208656553668,12.333333333333336,310.77158785841806,527.2036744239551,-273.64192894903977,16952.333333333332,12,4249.48611111111,4172.583333333334,75,6,2830.25,10.833333333333336,13,0
6775888955,2.1666666666666665,15.473121439494493,-17.459682159241734,5.653227386413912,5.833333333333332,-2.4865607197472457,-0.4999999999999991,5.653227386413912,8.5,13.473121439494493,16.459682159241734,-26.76613693206956,11.666666666666664,-33.90592503823072,-63.838728636966955,97.7446536751977,7775.666666666668,3,2059.555555555555,2079.1666666666665,114,11,1406.166666666667,906.3333333333333,27,1
6117666160,2.0,-0.1973851198002774,0.5877443463670826,0.10964077343319477,2.5,1.3070258932334722,0.9166666666666672,0.10964077343319456,4.833333333333334,3.4692815468663905,1.245588986966251,-1.3815372004993076,8.166666666666668,1.8158479193009696,-2.899022614531672,1.0831746952307024,17007.333333333332,12,4909.680555555556,5003.75,118,10,1712.4,8.166666666666668,20,0
8792009665,2.5,5.834296090587768,-3.1681108025483167,0.8338147119605495,6.0,1.9995186213727825,-0.6666666666666692,0.8338147119605529,8.166666666666666,3.167629423921104,1.8347774692149903,-1.6690735598027595,11.5,1.8299636829428043,-3.1724432101932902,1.3424795272504852,970.6666666666667,0,0.0,0.0,0,22,149.0909090909091,62.16666666666666,26,2
3372868164,1.6666666666666667,4.916051841689212,-3.7074110958671516,1.291359254177939,4.166666666666667,1.375307412488727,0.1666666666666652,1.2913592541779408,7.0,5.58271850835588,4.04074442920049,-7.956796270889704,8.666666666666666,-10.206181445912252,-19.829644383468636,30.03582582938089,15513.0,9,3681.666666666666,3818.5,87,7,2220.166666666667,8.666666666666666,21,0
4020332650,2.5,1.2985258940387272,-0.32278884105809125,0.3575962803526971,3.833333333333333,1.725737052980636,0.7500000000000004,0.35759628035269664,6.666666666666666,4.298525894038727,1.8227888410580928,-3.62131473509682,9.166666666666666,-2.9198406291355465,-9.041155364232367,11.960995993367913,3342.666666666666,0,0.0,0.0,0,13,773.3205128205127,9.166666666666666,22,2
4057192912,3.1666666666666665,7.326932278815616,-5.90706508489009,1.746799472741141,6.333333333333332,0.7532005272588579,-0.6666666666666683,1.7467994727411431,8.166666666666666,4.660265612148952,4.573731751556759,-6.2339973637057104,11.166666666666664,-4.894262975854662,-14.128260339560375,19.02252331541504,9395.0,5,2659.366666666667,2839.333333333333,91,11,1454.9393939393935,11.166666666666664,25,1
4319703577,2.5,3.5860342091248167,-1.1707179803538934,0.2513504378957423,5.166666666666666,1.9986495621042573,-0.41666666666666496,0.2513504378957405,6.999999999999999,1.9193675424581491,0.3373846470205575,-0.9234188561453738,8.333333333333332,-0.17611973193685712,-2.4328719214155647,3.6089916533524216,11228.0,5,2945.7333333333336,2496.833333333333,141,10,1689.416666666667,9.333333333333332,23,1
6290855005,2.0,2.036437386403394,0.5703439203949081,0.05988535986836396,4.666666666666666,3.356781306798302,0.75,0.05988535986836396,8.833333333333332,5.036437386403394,0.9296560796050936,-2.6327601326751537,12.166666666666664,-1.0025308524118794,-6.968624318420366,7.971155170832247,10122.666666666668,5,3018.666666666667,2973.166666666667,147,13,2328.782051282052,49.16666666666667,30,1
1498,3.0,-81.98275975664738,126.97413963497108,-42.324713211657034,5.666666666666666,44.99137987832369,0.0,-42.324713211657034,8.333333333333332,-81.98275975664738,-126.97413963497105,210.6235660582851,9.999999999999998,295.9396591482658,504.8965585398843,-278.00288435481684,17746.0,14,4722.607142857143,4840.666666666666,63,6,2961.777777777777,9.166666666666664,13,0
1497,0.8333333333333334,-75.86713602567376,118.67570403851069,-39.64190134617022,4.0,42.55856801283689,-0.2500000000000071,-39.64190134617022,6.666666666666666,-76.86713602567376,-119.17570403851069,199.37617339751782,10.0,282.90997608985816,478.95281615404264,-245.8627922439009,16211.666666666664,12,4405.902777777777,4462.083333333333,58,6,2705.194444444444,8.333333333333332,0,0
1496,2.0,-87.53781956471123,138.51506268040018,-46.643909782355614,6.333333333333332,49.560576449022285,-1.4166666666666714,-46.643909782355614,7.833333333333332,-93.20448623137787,-141.3483960137335,236.21954891177802,9.5,332.75736847648926,567.3102507216006,-303.56761919808986,17363.666666666668,14,4798.595238095238,5176.0,81,6,2897.638888888889,8.666666666666666,7,0
1480,2.6666666666666665,-83.18547069820102,128.86153938063487,-43.009402015767186,5.333333333333333,45.50940201576717,-0.1666666666666714,-43.00940201576717,7.666666666666666,-83.85213736486767,-129.1948727139682,214.54701007883588,9.166666666666666,301.39914744370355,514.4461575225396,-235.1786382995765,15420.333333333336,10,3845.6,4107.416666666667,76,6,2573.7500000000005,8.416666666666666,11,0
1481,3.333333333333333,-83.62650422736722,129.3564230077175,-43.22991878035028,5.833333333333334,45.39658544701695,-0.3333333333333286,-43.22991878035028,7.666666666666668,-84.95983756070056,-130.02308967438418,217.31626056841807,10.0,306.9427647957853,521.9256920308699,-238.7017901599886,16355.666666666668,11,4246.757575757577,4699.666666666667,79,6,2730.0277777777787,8.833333333333334,15,0
1482,2.1666666666666665,-42.414284398193615,66.9130932639571,-22.332142199096808,4.333333333333333,24.415475532430143,-0.0833333333333357,-22.332142199096808,6.333333333333332,-42.74761773152695,-67.07975993062378,111.49404432881741,8.0,157.57499539367768,267.4023730558285,-97.14403511617287,17503.333333333336,15,4695.266666666666,4594.333333333334,95,6,2920.055555555556,7.166666666666666,8,0
1483,2.0,-81.3154410693383,124.34816160400749,-41.199387201335824,3.833333333333333,43.78272053466916,0.75,-41.199387201335824,7.166666666666666,-78.3154410693383,-122.84816160400749,203.1636026733458,9.166666666666666,285.47904374268415,486.64264641603006,-189.78835682538082,16181.666666666664,13,4580.628205128205,4685.333333333334,77,6,2700.1388888888887,8.166666666666666,7,0
1484,3.0,-74.61728758056783,115.25926470418509,-38.47531045695058,5.166666666666666,40.47531045695058,-0.1666666666666714,-38.47531045695058,6.999999999999999,-75.28395424723449,-115.5925980375184,194.0432189514196,10.166666666666666,275.66050653198744,466.53705881674034,-187.0308986820611,15616.666666666664,11,3555.621212121212,3298.166666666666,71,6,2606.6388888888887,8.583333333333332,13,0
1485,3.5,-50.50117933904125,79.5851023418952,-26.750589669520625,5.833333333333334,28.41725633618729,-0.6666666666666643,-26.750589669520625,6.833333333333334,-53.16784600570792,-80.91843567522855,135.9196150142698,8.666666666666668,192.75412768664435,326.84040936758095,-81.42787038755864,19225.0,16,5132.104166666667,5137.583333333334,23,6,3207.9166666666674,7.750000000000001,16,0
1486,3.6666666666666665,-77.94452692025308,122.9167903803796,-41.13893012679321,7.5,44.47226346012654,-0.4999999999999929,-41.13893012679321,10.333333333333334,-79.94452692025308,-123.9167903803796,206.3613173006327,12.833333333333336,291.30584422088583,495.16716152151855,-269.6396724090709,14066.333333333332,9,4049.037037037037,4520.666666666666,60,6,2349.555555555555,11.583333333333336,17,0
1487,3.6666666666666665,-38.22259662641106,58.79222827294993,-19.402964979872195,4.833333333333333,21.1529649798722,0.5833333333333357,-19.4029649798722,7.166666666666666,-35.889263293077725,-57.62556160628328,96.014824899361,9.666666666666666,136.9040881924387,230.4189130917997,-86.48966795090513,13079.666666666664,5,4376.966666666666,4606.5,151,6,2183.7499999999995,8.416666666666666,17,0
1488,3.0,-39.40541297282485,63.02478612590394,-21.119373153079085,5.5,23.28603981974576,-0.3333333333333357,-21.11937315307909,7.333333333333332,-40.73874630615818,-63.691452792570594,106.26353243206209,9.166666666666666,150.66894540488698,255.0991445036158,-38.43475657516945,16513.666666666668,12,4753.527777777777,4856.75,113,6,2756.138888888889,8.25,13,0
1489,2.333333333333333,-53.28858444422472,82.14120999967041,-27.35262555544569,3.8333333333333335,28.93595888877903,0.0833333333333357,-27.35262555544569,5.5,-52.95525111089139,-81.97454333300374,137.0964611105618,7.666666666666666,194.38504555478653,329.31483999868163,-157.03321888680148,16760.666666666668,12,5190.152777777777,5413.0,138,6,2796.333333333333,6.583333333333332,9,0
1490,3.1666666666666665,-72.9311376311234,111.77170644668509,-37.00723548222837,5.0,39.5905688155617,0.75,-37.00723548222837,8.333333333333334,-69.9311376311234,-110.27170644668509,183.36951074447518,11.5,259.6339817089319,439.83682578674063,-206.4708074956725,16468.0,15,4182.38888888889,4196.333333333333,47,6,2748.7777777777787,9.916666666666668,14,0
1492,2.5,-46.11111172197774,73.20833424963328,-24.59722252765554,5.0,26.513889194322203,-0.5833333333333393,-24.59722252765553,6.333333333333332,-48.44444505531107,-74.37500091629994,126.319445971611,9.833333333333332,181.76389102692212,304.58333699853296,-60.347228025455024,17533.666666666668,14,4592.095238095239,4927.5,12,6,2925.833333333333,8.083333333333332,10,0
1493,3.0,-41.913514110375345,66.74527116556301,-22.331757055187673,5.5,24.581757055187673,-0.25,-22.331757055187673,7.5,-42.913514110375345,-67.24527116556301,111.99211860927169,9.333333333333334,158.5722993863137,268.7310846622521,-87.63671738189908,16541.666666666668,12,4695.763888888888,4817.75,101,6,2760.6111111111113,8.416666666666668,13,0
1494,3.1666666666666665,-31.56870761693749,52.728061425406246,-17.826020475135408,6.5,20.409353808468747,-0.7499999999999964,-17.826020475135408,8.333333333333334,-34.56870761693749,-54.22806142540622,91.63010237567705,11.166666666666668,131.8654766592812,220.66224570162498,-49.02772236090618,17542.0,13,4664.551282051281,3993.666666666666,98,6,2927.972222222222,9.75,14,0
1495,3.333333333333333,-58.98356770739587,91.64201822776049,-30.491783853697928,5.5,32.82511718703127,0.1666666666666714,-30.491783853697942,8.0,-58.316901040729206,-91.30868489442715,152.62558593515638,11.0,216.94248697588557,366.568072911042,-137.1772265535942,14684.0,11,3943.818181818182,4274.666666666667,27,6,2451.6388888888887,9.5,15,0
1478,1.8333333333333333,-53.577598060729294,85.40806375776063,-28.497132363697986,5.166666666666667,31.747132363697986,-0.08333333333333215,-28.497132363697986,8.333333333333334,-53.910931394062644,-85.57473042442732,142.48566181848994,11.333333333333336,202.39659321255257,341.8822550310425,-92.44551491026176,18467.33333333333,14,4979.678571428572,5138.666666666666,29,6,3081.861111111111,9.833333333333334,6,0
1442,1.5,-66.94219270040655,105.70495571727648,-35.42942968353661,4.833333333333334,38.17942968353661,-0.5833333333333357,-35.42942968353661,7.0,-69.2755260337399,-106.87162238394316,178.3138150843497,9.166666666666666,251.92267445142292,428.0698228691059,-226.49249732052888,18084.0,13,4993.051282051281,5074.833333333334,28,6,3017.305555555556,8.083333333333332,4,0
1413,2.6666666666666665,-42.884717913567535,70.70207687035129,-23.98402562345043,6.5,26.56735895678377,-1.25,-23.98402562345043,7.833333333333332,-47.88471791356754,-73.20207687035129,124.42012811725216,11.166666666666664,178.9715126974864,300.05830748140517,-122.86315351222493,15343.666666666664,11,4149.393939393939,4331.0,124,6,2561.4999999999995,9.5,11,0
1440,2.5,-91.88918075942081,142.5421044724646,-47.81959037971043,5.333333333333334,49.73625704637708,-0.9166666666666714,-47.819590379710405,6.333333333333334,-95.5558474260875,-144.3754378057979,242.09795189855203,8.5,341.9871326579729,581.9184178898582,-324.2388838811646,16999.333333333332,12,5324.625,5594.5,82,6,2836.75,7.416666666666668,10,0
1373,2.6666666666666665,-100.43224020491093,154.44002697403303,-51.50778676912211,5.166666666666666,53.92445343578879,-0.08333333333332149,-51.507786769122134,7.5,-100.76557353824423,-154.6066936406997,256.872267178944,9.0,360.63784071718817,616.0101078961325,-338.81461527998727,18052.66666666667,16,4877.125,4968.333333333334,86,6,3012.361111111112,8.25,11,0
1374,2.333333333333333,-51.49817310887685,83.49725966331528,-27.999086554438424,6.333333333333334,31.499086554438424,-0.5,-27.999086554438424,9.333333333333334,-53.49817310887685,-84.49725966331528,141.3287661055255,12.666666666666668,201.49360588106896,339.4890386532613,-144.3159778676636,16496.333333333332,9,4468.944444444444,4443.5,149,6,2754.222222222222,11.0,9,0
1375,2.333333333333333,-83.3941537446524,128.8828972836453,-42.988743538992864,4.833333333333334,45.40541020565954,-0.0833333333333286,-42.98874353899288,7.166666666666668,-83.72748707798576,-129.04956395031195,215.77705102829768,10.166666666666668,305.50453810628346,518.2815891345809,-289.1194605741979,17603.0,15,4595.266666666666,4570.166666666667,65,6,2937.5277777777787,8.666666666666668,9,0
1376,2.1666666666666665,-33.36347270349484,50.920209055242275,-16.55673635174742,3.1666666666666665,18.80673635174742,1.25,-16.55673635174742,6.666666666666666,-28.363472703494846,-48.420209055242275,78.61701509207046,8.5,110.64715446223197,187.4308362209692,-15.744657349867795,17510.666666666664,13,4751.807692307692,4756.333333333333,102,6,2921.527777777777,7.583333333333332,8,0
1377,1.1666666666666667,-68.17831479071971,106.39247218607956,-35.38082406202653,4.0,38.46415739535985,0.25,-35.38082406202653,7.333333333333334,-67.17831479071971,-105.8924721860796,174.90412031013264,9.166666666666668,245.749101767519,418.8198887443182,-149.40232384517046,14260.333333333336,10,3566.9,3456.083333333333,57,6,2379.75,8.25,2,0
1378,2.0,-47.12350547599805,74.1852582139971,-24.72841940466569,4.333333333333334,27.061752737999026,0.0,-24.72841940466569,6.666666666666668,-47.12350547599805,-74.18525821399706,123.30876368999512,8.666666666666668,174.4322691659932,295.7410328559885,-90.1733020219816,15933.0,12,4085.0555555555547,4214.916666666666,111,6,2658.75,7.666666666666668,7,0
1379,1.6666666666666667,-50.782560207581454,78.04884031137217,-25.599613437124056,3.333333333333333,28.516280103790727,1.25,-25.599613437124056,7.5,-45.782560207581454,-75.54884031137216,123.16473385228693,9.333333333333334,172.61396072653503,293.9453612454887,-100.72598863869041,17238.333333333332,13,4517.294871794872,4386.5,103,6,2876.361111111111,8.416666666666668,5,0
1380,1.6666666666666667,-66.20429645020742,101.88977800864448,-33.85214822510371,3.5,36.018814891770376,0.3333333333333286,-33.852148225103704,6.0,-64.87096311687408,-101.22311134197773,168.59407445885182,8.5,238.4650375757259,404.5591120345777,-213.1908162769704,15845.0,11,4453.757575757575,4674.833333333333,13,6,2643.6666666666665,7.25,5,0
1381,2.1666666666666665,-80.52174976706178,124.490957983926,-41.30254155019756,4.833333333333333,44.552541550197546,0.5833333333333286,-41.302541550197546,8.666666666666666,-78.18841643372843,-123.32429131725935,203.01270775098774,10.166666666666666,284.2011241847162,485.71383193570387,-256.91495612042013,14720.0,10,3844.2166666666667,4147.333333333334,55,6,2457.1111111111113,9.416666666666666,8,0
1382,2.833333333333333,-52.94174240046682,83.53761360070021,-27.929204533566736,5.5,30.34587120023341,-0.25,-27.929204533566736,7.666666666666666,-53.94174240046682,-84.03761360070024,140.47935600116705,10.166666666666666,199.42109840163383,337.40045440280096,-159.1548861377681,16990.33333333333,13,4580.653846153846,4531.666666666667,135,6,2835.5555555555547,8.916666666666666,12,0
1383,4.333333333333333,-34.33556834865274,56.83668585631246,-19.16778417432637,7.666666666666666,21.834450840993036,-0.6666666666666643,-19.16778417432637,9.666666666666666,-37.00223501531941,-58.17001918964578,97.50558753829851,12.0,139.17448922028458,234.34674342524983,-33.521232645534376,14762.0,9,4150.814814814814,4642.0,108,6,2465.6388888888887,10.833333333333332,19,0
1384,2.333333333333333,-112.34251702150614,173.55544219892585,-58.04625851075307,5.5,60.629591844086406,-0.5833333333333286,-58.04625851075308,7.5,-114.67585035483948,-174.72210886559253,291.897959220432,10.0,411.5738095752715,700.9717687957034,-363.21224503764165,17710.333333333332,16,4782.645833333333,4639.0,94,6,2955.5,8.75,9,0
1385,1.8333333333333333,-59.601883558290176,95.11115867076859,-31.842608445811763,5.5,35.09260844581176,-0.4166666666666608,-31.842608445811763,8.333333333333334,-61.268550224956854,-95.94449200410193,159.54637556239211,10.666666666666668,225.48159245401558,382.69463468307436,-172.34289380375662,17584.0,13,4786.243589743589,5227.333333333333,22,6,2934.722222222222,9.5,6,0
1386,2.6666666666666665,-21.60765438473549,36.86981491043657,-12.428827192367745,5.5,14.845493859034413,-0.4166666666666679,-12.428827192367745,7.5,-23.274321051402154,-37.703148243769895,63.477469295172064,10.0,91.75179034657421,152.72925964174627,5.352283345012894,16448.333333333332,13,4313.653846153846,4124.5,97,6,2745.3888888888887,8.75,11,0
1387,2.0,-64.18890257911279,98.20002053533588,-32.51111795622307,3.5,34.67778462288974,0.6666666666666714,-32.511117956223075,6.333333333333334,-61.52223591244615,-96.86668720200257,160.72225644778206,8.666666666666668,226.91115902689486,385.30008214134375,-176.04457450157193,14114.0,10,3533.7166666666662,3263.666666666667,20,6,2355.3888888888887,7.500000000000001,7,0
1388,2.333333333333333,-41.38836305901655,64.24921125519148,-21.194181529508274,4.0,23.52751486284161,0.6666666666666643,-21.19418152950827,7.0,-38.721696392349884,-62.91587792185815,104.13757431420801,9.5,147.8592707065579,249.496845020766,-58.189449060657246,17103.666666666668,14,4339.321428571428,4317.25,110,6,2854.166666666666,8.25,9,0
1389,3.5,-69.45091910236782,109.38471198688507,-36.43379288451725,7.0,40.01712621785058,0.08333333333332149,-36.433792884517224,10.666666666666666,-69.11758576903448,-109.21804532021835,181.0022977559195,13.333333333333332,255.4532168582873,433.7888479475404,-200.74206480582768,17442.666666666668,14,4602.702380952381,4637.333333333334,46,6,2912.4444444444453,12.0,16,0
1390,2.0,-53.87635647266245,83.85620137566032,-27.813178236331225,4.166666666666666,30.396511569664554,0.4166666666666714,-27.813178236331225,7.166666666666666,-52.20968980599578,-83.02286804232703,137.73255784832278,9.666666666666666,194.94224765431858,330.1748055026413,-86.95038649029324,17324.666666666668,14,4769.690476190476,4965.916666666666,24,6,2890.722222222222,8.416666666666666,7,0
1391,2.6666666666666665,-46.36603803392902,73.88239038422688,-24.68301901696451,5.5,27.349685683631183,-0.1666666666666643,-24.683019016964515,8.0,-47.0327047005957,-74.21572371756021,124.08176175148922,10.833333333333336,176.7811331187516,298.0295615369075,-65.81069465565906,16930.333333333336,14,4236.22619047619,4132.416666666667,6,6,2825.833333333333,9.416666666666668,11,0
1372,1.6666666666666667,-42.82859010651367,68.20121849310385,-22.872628386590172,4.166666666666667,24.955961719923504,-0.4166666666666643,-22.872628386590172,5.833333333333334,-44.49525677318033,-69.03455182643717,116.02980859961752,8.333333333333334,165.52506537279785,279.0548739724154,-69.57993934521322,18462.33333333333,16,5017.96875,5103.5,112,6,3079.972222222222,7.083333333333334,5,0
1392,2.833333333333333,-50.196768462723504,78.67015269408526,-25.973384231361752,5.333333333333334,29.223384231361752,0.75,-25.973384231361752,9.333333333333334,-47.196768462723504,-77.17015269408526,127.86692115680876,12.833333333333336,182.06368961953225,306.43061077634104,-143.49430039587332,15775.666666666668,11,4747.787878787879,4747.666666666667,128,6,2633.944444444445,11.083333333333336,12,0
1371,2.1666666666666665,-67.68620763170121,104.73764478088516,-34.88477048251728,4.333333333333333,37.134770482517276,0.0833333333333286,-34.88477048251726,6.666666666666666,-67.35287429836787,-104.57097811421845,175.09051907925297,9.833333333333332,248.77672671095416,420.70057912354065,-208.8106391678281,16310.333333333336,12,3691.208333333334,3612.75,31,6,2721.833333333333,8.25,8,0
1144,1.6666666666666667,14.856361852784698,-15.951209445843713,5.094847593059015,5.666666666666668,-1.761514259725682,-0.6666666666666643,5.094847593059013,8.333333333333334,12.189695186118028,14.61787611251038,-24.140904631961746,11.0,-30.99726648474644,-57.80483778337489,150.96877093478795,8117.666666666668,5,1708.966666666667,1708.8333333333335,83,8,1431.104166666667,42.08333333333333,5,1
1231,2.333333333333333,-13.359363870747664,23.83071247278816,-7.971348602040499,4.833333333333334,10.388015268707166,-0.08333333333333215,-7.971348602040499,7.166666666666668,-13.692697204080998,-23.99737913945483,40.69007634353583,10.166666666666668,60.38277354761683,98.07284989115264,-27.62229010543615,10260.0,5,3289.8,3605.166666666666,134,7,1516.9523809523803,10.166666666666668,9,1
1230,3.8333333333333335,-24.38794988764205,38.87359149812974,-12.818974943821026,5.5,14.902308277154358,0.4166666666666679,-12.818974943821026,8.0,-22.721283220975383,-38.040258164796406,63.42820805243846,10.666666666666666,91.48282460674714,152.24436599251896,-89.06052393259951,10358.666666666666,5,3262.866666666667,3349.833333333333,139,10,2574.616666666667,2595.0000000000005,18,1
1229,2.833333333333333,-5.5372939378191415,13.180940906728713,-4.6436469689095725,5.833333333333334,6.893646968909571,-0.75,-4.643646968909571,7.333333333333334,-8.537293937819141,-14.680940906728713,25.88490151121452,10.0,39.755528782366994,62.97376362691487,-24.395959075948525,10726.666666666666,5,3291.8666666666663,3444.0,132,10,1728.85,414.5,12,1
1228,3.0,-8.175075099853775,17.887612649780664,-6.045870883260221,6.666666666666666,9.462537549926887,-0.25000000000000355,-6.045870883260216,9.833333333333332,-9.17507509985377,-18.387612649780646,30.229354416301078,12.499999999999998,44.73776284948819,72.30045059912256,-25.038213448610747,10845.0,4,3289.958333333333,3586.166666666667,145,7,2315.595238095238,12.499999999999998,13,1
1227,2.5,-7.7129413658562385,15.236078715451026,-5.023137349594786,5.0,7.689804016261452,0.16666666666667052,-5.02313734959479,7.833333333333334,-7.046274699189575,-14.902745382117695,24.282353414640607,10.166666666666668,35.99529478049685,57.94431486180413,-6.4396096423009785,9429.666666666668,5,2874.5,3112.833333333333,121,7,1393.619047619048,10.166666666666668,10,1
1226,2.1666666666666665,-12.278907340363235,21.626694343878185,-7.014453670181617,4.5,9.931120336848283,0.5833333333333357,-7.01445367018162,8.0,-9.945574007029904,-20.46002767721153,34.07226835090811,11.666666666666664,51.351175691271344,81.75677737551274,-38.27461973345075,9503.666666666666,4,3281.166666666667,3257.25,153,6,1588.0555555555554,9.833333333333332,8,1
1225,2.833333333333333,-14.683608787501733,24.733746514585942,-8.050137727084202,4.833333333333334,10.633471060417532,0.5833333333333321,-8.0501377270842,8.0,-12.350275454168402,-23.567079847919274,39.08402196875434,11.166666666666664,57.767630756256075,93.68498605834377,-49.11928348126651,10785.0,4,3523.125,3415.75,152,7,2240.7380952380954,11.166666666666664,12,1
1224,2.6666666666666665,-21.909609929662185,35.86441489449328,-11.788138298164425,4.833333333333333,14.454804964831093,0.5,-11.788138298164425,8.0,-19.909609929662185,-34.86441489449328,57.44069149082213,10.666666666666666,82.68363475381764,137.45765957797312,-66.9746276651241,12600.666666666668,5,3625.066666666666,3525.333333333333,137,9,2181.6666666666665,423.0,11,1
1223,1.0,-11.987547051391413,20.77298724375379,-6.6187735256957065,3.1666666666666665,9.702106859029039,0.9166666666666652,-6.6187735256957065,7.166666666666666,-8.320880384724747,-18.939653910420454,29.42720096181187,9.333333333333332,42.08141467986994,69.34194897501516,-33.09003032155178,12300.333333333336,5,3483.0,3390.666666666667,131,8,1644.0625,174.74999999999997,1,1
1222,3.5,-16.554770859148928,24.582156288723393,-7.860718762907799,3.6666666666666665,9.027385429574464,0.9999999999999992,-7.860718762907799,5.833333333333332,-12.554770859148928,-22.582156288723386,38.80359381453898,9.5,58.691698007021245,93.82862515489359,-44.853656495248174,11925.333333333336,5,3403.1333333333337,3319.0,133,9,2669.833333333333,647.0,16,1
1221,2.1666666666666665,-11.466581326571903,21.65820532319119,-7.358290663285952,5.0,9.774957329952619,-0.4166666666666679,-7.358290663285952,7.0,-13.133247993238571,-22.49153865652452,37.95811998309642,9.333333333333334,55.75803464300167,91.3828212927648,-51.47418926909978,9905.0,5,2834.066666666667,2763.166666666667,125,8,1868.8125,86.58333333333334,8,1
1220,3.1666666666666665,-13.875352713088677,24.14636240296635,-8.104343023211005,5.333333333333333,10.104343023211003,-0.16666666666666966,-8.104343023211003,7.166666666666666,-14.542019379755342,-24.479695736299682,41.52171511605502,9.666666666666666,61.06373449581036,100.0854496118654,-53.64918410767575,10021.333333333334,5,2811.4666666666667,2561.833333333333,143,8,1904.416666666667,206.16666666666669,14,1
1219,3.0,-7.644436786428429,17.216655179642643,-5.9055517265475475,6.666666666666666,9.072218393214213,-0.5000000000000018,-5.905551726547545,9.333333333333332,-9.644436786428424,-18.216655179642636,31.361091966071054,12.833333333333332,48.005528752499494,75.86662071857054,-27.37214947107003,9490.333333333334,5,2754.0,2522.5,144,7,1472.8333333333335,12.833333333333332,13,1
1218,2.6666666666666665,-18.48297106500322,30.05778993083816,-9.74148553250161,4.5,12.408152199168276,0.8333333333333321,-9.74148553250161,8.0,-15.149637731669886,-28.391123264171508,45.540760995841396,10.0,64.69039872751128,108.23115972335265,-67.92155845086393,11267.333333333332,5,3156.666666666667,2848.666666666666,148,9,1909.8148148148146,156.66666666666666,11,1
1217,2.6666666666666665,-8.867037347368916,16.008889354386707,-5.308518673684458,4.5,7.225185340351125,0.08333333333333393,-5.308518673684459,6.5,-8.533704014035584,-15.842222687720039,26.70926003508896,8.833333333333334,39.90963071579121,64.28555741754683,-15.195188133338034,11583.0,5,3298.4,2997.333333333333,150,7,1719.3333333333335,8.833333333333334,11,1
1216,0.8333333333333334,-14.674609888406518,25.303581499276447,-8.295638277536593,3.166666666666667,11.045638277536593,0.4166666666666705,-8.295638277536597,6.333333333333334,-13.007943221739854,-24.470248165943122,39.978191387682976,8.833333333333334,57.98613460942283,95.46432599710579,-34.11712727319531,10320.0,5,2922.766666666667,2649.666666666667,146,9,1774.333333333333,306.5,0,1
1141,2.0,-2.0160991401352266,7.690815376869506,-2.6747162367342794,5.0,5.341382903400947,-0.3333333333333308,-2.6747162367342825,7.333333333333334,-3.349432473468562,-8.35748204353618,14.873581183671408,10.5,24.556346990473298,36.263261507478106,82.01372483538194,7689.666666666668,5,1647.8,1656.166666666667,89,7,1532.4761904761908,10.5,7,1
1142,3.5,4.184306184515379,-2.8181259434397354,0.9671530922576892,5.833333333333334,1.449513574408977,0.08333333333333348,0.9671530922576892,8.333333333333334,4.517639517848712,2.984792610106401,-5.169098794621781,10.666666666666668,-5.020071645803824,-12.522503773759,113.37590875289615,7545.0,5,1655.0,1650.1666666666665,84,10,1941.3166666666666,2851.833333333333,16,1
1143,3.1666666666666665,7.108742278950003,-5.954780085091673,1.846037806141669,6.166666666666666,0.7372955271916646,-0.4166666666666683,1.8460378061416696,8.333333333333332,5.442075612283337,5.121446751758341,-8.063522364041678,10.833333333333332,-8.505597976325014,-19.069120340366712,128.90805165002504,8092.333333333332,5,1747.4333333333332,1736.5,88,9,2035.537037037037,3108.333333333333,14,1
1145,1.6666666666666667,7.722418211860868,-7.000293984457969,2.277875772597101,4.666666666666667,0.5554575607362331,-0.1666666666666652,2.277875772597099,7.333333333333334,7.0557515451942,6.666960651124631,-11.389378862985494,9.666666666666668,-13.778463741513027,-27.50117593783193,152.61297301267828,8890.333333333334,5,2074.8,2091.5,96,9,2314.1111111111113,3439.0,5,1
1441,3.333333333333333,-65.14160660816304,101.75407657891122,-33.94580330408152,6.0,36.52913663741486,-0.0833333333333286,-33.94580330408153,8.5,-65.47493994149639,-101.92074324557795,169.7290165204077,10.833333333333336,239.87062312857068,407.2663063156451,-165.47026277754912,16795.666666666668,13,4109.307692307692,3751.166666666666,40,6,2803.722222222222,9.666666666666668,15,0
1393,3.333333333333333,-46.33667425353896,72.88001138030846,-24.21000379343615,5.666666666666668,26.79333712676948,0.24999999999999645,-24.210003793436147,8.5,-45.33667425353896,-72.38001138030846,119.7166856338474,10.5,169.0533598873864,286.77004552123384,-62.32340540862026,15729.333333333332,9,4531.12962962963,4457.833333333333,116,6,2625.6388888888887,9.5,15,0
1395,1.6666666666666667,-58.334754455168344,90.71046501608583,-30.20904389425084,3.833333333333333,32.459043894250826,0.08333333333333215,-30.209043894250836,6.166666666666666,-58.001421121835,-90.54379834941915,150.21188613792083,7.833333333333332,211.5466405930892,360.09186006434334,-106.47183399076584,17647.0,15,4739.644444444444,4890.0,32,6,2943.9444444444453,7.0,5,0
1421,3.0,-64.65257520450977,99.97886280676464,-33.326287602254894,5.0,35.326287602254894,0.0,-33.326287602254894,7.0,-64.65257520450977,-99.97886280676468,165.63143801127444,8.0,232.28401321578426,396.9154512270588,-118.699464442843,17017.0,13,4168.115384615385,4113.0,54,6,2839.722222222222,7.5,13,0
1422,3.1666666666666665,-71.0455586527181,113.52667131241051,-38.314445993025714,7.333333333333334,41.06444599302573,-1.4166666666666643,-38.31444599302573,8.666666666666668,-76.7122253193848,-116.36000464574387,195.7388966317953,11.333333333333336,277.78445528451346,470.85668524964206,-247.30780720082214,13948.0,8,4040.125,4257.083333333333,49,6,2329.4166666666665,10.0,14,0
1423,2.833333333333333,-50.26435690561193,80.43820202508458,-27.007178452805967,6.0,29.590511786139306,-0.5833333333333357,-27.007178452805967,8.0,-52.597690238945276,-81.60486869175125,137.53589226402985,11.333333333333336,196.80024916964177,331.00280810033826,-121.63639060331332,17379.666666666668,14,3904.214285714286,3371.833333333333,4,6,2900.916666666666,9.666666666666668,12,0
1424,1.8333333333333333,-60.058600135806074,93.58790020370913,-31.029300067903037,4.333333333333333,34.02930006790304,0.4999999999999929,-31.029300067903034,7.833333333333332,-58.058600135806074,-92.58790020370908,152.64650033951514,9.833333333333332,214.70510047532125,365.35160081483633,-144.22336795682418,16300.666666666664,12,4030.222222222222,4047.0,21,6,2720.5,8.833333333333332,6,0
1425,3.1666666666666665,-66.36526183271135,103.08955941573367,-34.39096424968901,5.5,36.640964249689006,-0.0833333333333286,-34.39096424968902,7.666666666666666,-66.6985951660447,-103.2562260824004,172.95482124844509,10.666666666666666,245.65341641448975,415.6082376629347,-141.09498741075785,18452.33333333333,15,4949.288888888888,5091.333333333333,61,6,3079.527777777777,9.166666666666666,14,0
1426,1.6666666666666667,-45.97223051341522,72.20834577012285,-24.069448590040952,3.833333333333333,26.23611525670761,0.0,-24.069448590040952,6.0,-45.97223051341522,-72.20834577012282,119.18057628353807,7.0,167.1528067969533,285.33338308049116,-80.65285654411116,17275.0,12,4475.083333333333,4359.25,104,6,2881.805555555556,6.5,5,0
1427,2.333333333333333,-73.3336301164055,116.25044517460823,-38.91681505820275,6.333333333333334,42.41681505820275,-0.5,-38.91681505820275,9.333333333333334,-75.3336301164055,-117.25044517460822,195.2507419576804,12.0,275.91770540741925,468.50178069843315,-267.41948610585246,16679.333333333332,16,4570.510416666666,4681.666666666666,39,6,2784.5,10.666666666666668,9,0
1428,2.6666666666666665,-22.99618259457097,38.45260722518979,-12.789757963952153,5.333333333333333,15.53975796395215,0.08333333333333215,-12.789757963952148,8.166666666666666,-22.662849261237632,-38.285940558523116,63.448789819760755,10.666666666666666,91.1116390809984,152.06042890075912,-29.50540131509086,17565.333333333336,15,4920.366666666667,4852.166666666666,123,6,2931.4444444444453,9.416666666666666,11,0
1429,3.6666666666666665,-95.24722726418736,147.16250756294772,-49.08194696542703,6.5,51.83194696542703,-0.0833333333333357,-49.08194696542703,9.166666666666666,-95.58056059752072,-147.32917422961438,245.07640149380174,11.333333333333332,344.9902954246558,587.9000302517912,-326.55699234311373,16745.666666666664,12,4765.61111111111,5002.916666666666,85,6,2795.611111111111,10.25,17,0
1430,3.333333333333333,-59.51634582350005,95.52451873525007,-32.00817291175002,7.333333333333334,35.50817291175002,-0.5,-32.00817291175002,10.333333333333334,-61.51634582350005,-96.52451873525006,160.70753122541674,13.0,227.55721038225013,385.5980749410002,-183.65528532325038,14498.333333333332,10,3587.85,3600.25,16,6,2421.583333333333,11.666666666666668,15,0
1431,1.6666666666666667,-47.288920576214636,74.72504753098863,-24.769460288107318,4.333333333333333,27.85279362144065,0.4166666666666643,-24.769460288107318,7.833333333333332,-45.622253909547965,-73.89171419765532,122.01396810720327,10.333333333333332,172.63622201675125,292.15019012395453,-65.78641214070579,16902.666666666664,13,4973.423076923076,5024.833333333333,119,6,2820.777777777777,9.083333333333332,5,0
1432,1.1666666666666667,-59.63771867282311,91.53991134256802,-30.402192669744892,2.666666666666667,32.235526003078235,0.3333333333333321,-30.402192669744892,4.833333333333334,-58.304385339489784,-90.87324467590132,151.01096334872446,6.666666666666668,212.9820153548809,362.1596453702721,-169.47499405848637,17317.666666666664,15,4444.68888888889,4210.333333333334,1,6,2888.3055555555547,5.75,2,0
1433,2.5,-94.69033958859531,147.6188427162263,-49.428503127631,6.0,52.26183646096432,-0.6666666666666785,-49.428503127630975,8.166666666666666,-97.35700625526195,-148.95217604955963,248.14251563815492,10.0,349.16618856008364,595.4753708649051,-351.47489275832214,16958.333333333332,13,4185.0641025641025,3776.0,80,6,2830.361111111111,9.083333333333332,10,0
1434,1.5,-58.454437351480244,91.68165602722037,-30.393885342406787,4.333333333333334,33.727218675740126,0.4999999999999965,-30.393885342406783,8.166666666666668,-56.45443735148022,-90.68165602722031,149.30276004536722,10.333333333333334,210.09053073018083,357.22662410888154,-133.65048817239565,17650.333333333336,14,4772.404761904762,4858.166666666667,18,6,2945.305555555556,9.25,4,0
1435,2.1666666666666665,-19.591696166055986,34.929210915750645,-12.004181416361325,5.5,14.254181416361325,-1.083333333333332,-12.004181416361327,6.666666666666668,-23.925029499389318,-37.09587758241731,64.52090708180663,10.166666666666668,95.44593658119595,156.46684366300258,16.58721975580147,17982.0,13,4809.038461538462,4770.666666666667,109,6,3000.5277777777787,8.416666666666668,8,0
1436,2.0,-62.0709600754803,98.27310677988713,-32.868813371073486,5.333333333333334,35.86881337107349,-0.3333333333333357,-32.868813371073486,8.0,-63.404293408813636,-98.9397734465538,165.17740018870074,10.833333333333336,234.2483602641811,396.5924271195488,-146.67412071706315,18260.66666666667,16,4712.510416666667,4564.0,42,6,3047.333333333334,9.416666666666668,7,0
1437,3.333333333333333,-60.85872539234505,95.53808808851757,-32.01269602950586,6.0,34.179362696172525,-0.5,-32.01269602950586,7.666666666666668,-62.85872539234505,-96.53808808851758,161.89681348086262,10.166666666666668,229.7555388732077,389.1523523540703,-144.40789122727801,16010.666666666664,12,3676.2222222222213,3499.0,37,6,2672.472222222222,8.916666666666668,15,0
1438,2.6666666666666665,-55.92635993103207,87.47287322988144,-29.046513298849373,5.166666666666666,31.879846632182694,0.33333333333332504,-29.04651329884936,8.333333333333332,-54.59302659769872,-86.80620656321474,144.39923316091347,11.333333333333332,204.99225975861216,346.39149291952555,-182.55041934480442,13655.666666666668,4,4343.958333333334,4181.333333333334,154,6,2280.055555555556,9.833333333333332,11,0
1439,2.5,-67.39143675550469,104.83715513325704,-34.77905171108567,5.166666666666666,37.94571837775234,0.4999999999999929,-34.77905171108567,8.833333333333332,-65.39143675550469,-103.83715513325701,171.8952585554284,11.499999999999998,242.6200286442664,411.84862053302805,-248.13531584396102,15205.333333333332,12,4197.833333333333,4062.5,5,6,2538.4166666666665,10.166666666666664,10,0
1420,2.833333333333333,-76.86964321090902,119.1794648163635,-39.80982160545451,5.333333333333334,42.05982160545451,-0.25,-39.80982160545451,7.333333333333334,-77.86964321090902,-119.67946481636356,199.8824413606059,9.666666666666668,282.4187512381816,479.9678592654542,-199.71994383696915,16889.333333333332,12,4663.180555555556,5017.25,73,6,2818.722222222222,8.5,12,0
1394,3.0,-85.6257539300612,132.48029756175845,-44.02121029836393,5.833333333333334,47.27121029836393,0.4166666666666643,-44.02121029836393,9.5,-83.95908726339452,-131.64696422842513,218.43938482515296,12.333333333333336,308.0651387552141,523.6711902470338,-296.4029956689145,14494.0,10,3952.166666666667,4260.833333333334,66,6,2420.5,10.916666666666668,13,0
1419,3.333333333333333,-121.63705077250648,184.7889094920931,-61.31852538625324,5.166666666666667,63.985192052919906,0.8333333333333286,-61.31852538625324,8.666666666666668,-118.30371743917314,-183.1222428254264,304.75929359793287,12.000000000000002,429.7296777037727,731.1556379683722,-390.0519823388115,17406.333333333336,14,4935.702380952383,5143.083333333334,99,6,2905.416666666666,10.333333333333336,15,0
1417,1.3333333333333333,-52.33234992336821,81.74852488505233,-27.082841628350774,3.666666666666667,29.916174961684106,0.5,-27.082841628350774,7.0,-50.33234992336821,-80.74852488505235,134.4142081417539,10.333333333333334,191.41322473178883,322.49409954020933,-109.40732427199805,18433.333333333336,16,4738.541666666667,4747.25,2,6,3075.388888888889,8.666666666666668,3,0
1397,3.0,-42.639478256877204,69.66755071864912,-23.361405795105266,6.666666666666666,26.611405795105266,-0.4166666666666608,-23.361405795105266,9.5,-44.30614492354386,-70.50088405198247,117.30702897552631,12.0,166.61317389907018,281.4202028745965,-91.2000434403334,15368.0,10,4143.4,4040.666666666667,106,6,2565.8888888888887,10.75,13,0
1398,3.333333333333333,-87.68101732965808,134.93819266115378,-44.7571753314957,5.833333333333334,47.92384199816237,0.6666666666666785,-44.757175331495716,9.666666666666668,-85.01435066299142,-133.6048593278204,221.2858766574785,12.333333333333336,311.63356065380333,530.2527706446151,-297.88633129841844,16887.0,14,4580.119047619048,4574.416666666667,68,6,2819.416666666666,11.0,15,0
1399,2.6666666666666665,-64.58015174495995,100.12022761743992,-33.37340920581331,4.833333333333333,35.54007587247997,0.0,-33.37340920581331,7.0,-64.58015174495995,-100.12022761743992,167.70037936239987,10.0,238.28053110735985,402.9809104697597,-177.4281082437861,16325.333333333336,13,4183.628205128205,4148.0,34,6,2724.722222222222,8.5,11,0
1400,2.5,-63.36726421486075,99.42589632229112,-33.05863210743037,5.5,36.30863210743037,0.2499999999999929,-33.058632107430356,9.0,-62.367264214860725,-98.9258963222911,163.79316053715186,11.5,231.16042475201255,392.4535852891644,-141.6140100411769,17072.666666666664,14,4301.440476190475,4360.5,41,6,2849.7222222222213,10.25,10,0
1401,1.5,-86.7628734816462,135.5193102224693,-45.423103407489755,4.833333333333334,48.0064367408231,-0.75,-45.423103407489755,6.666666666666668,-89.7628734816462,-137.0193102224693,230.61551703744885,10.5,328.04505718576166,554.8272408898774,-297.8722980756391,16199.666666666668,10,4305.433333333333,4294.083333333334,78,6,2703.444444444445,8.583333333333334,4,0
1402,2.5,-64.33129151773464,99.99693727660194,-33.16564575886732,5.0,36.16564575886732,0.5,-33.16564575886732,8.5,-62.33129151773464,-98.99693727660198,164.66156212766995,11.833333333333336,233.65952031207127,394.98774910640776,-190.9806027518124,17070.333333333332,14,4558.369047619047,4516.166666666666,25,6,2849.166666666666,10.166666666666668,10,0
1403,3.1666666666666665,-76.57618408273973,118.5309427907763,-39.288092041369865,5.833333333333332,42.621425374703215,0.6666666666666714,-39.28809204136988,9.833333333333332,-73.90951741607309,-117.197609457443,193.9404602068494,12.666666666666664,273.51664428958907,464.623771163105,-210.4737487860275,17361.0,15,4161.255555555555,4098.333333333333,64,6,2898.388888888889,11.25,14,0
1404,2.5,-76.78766664216913,117.01483329658704,-38.72716665441789,4.0,41.06049998775123,0.8333333333333215,-38.72716665441789,7.166666666666666,-73.45433330883579,-115.34816662992037,192.46916660542286,10.833333333333332,273.256833247592,462.05933318634834,-231.6494997672736,15078.0,10,4715.55,4993.583333333334,51,6,2516.5,9.0,10,0
1405,2.333333333333333,-37.810718822208436,60.75774489997932,-20.280359411104214,5.0,22.86369274443755,-0.0833333333333286,-20.280359411104218,7.5,-38.14405215554177,-60.924411566646,100.73513038885444,9.166666666666666,142.21251587772954,241.2809795999173,-55.326828810980146,16700.333333333332,14,4379.607142857143,4183.666666666666,107,6,2787.083333333333,8.333333333333332,9,0
1406,2.833333333333333,-57.384647886380186,89.4519718295703,-29.733990609856768,5.166666666666667,32.317323943190104,0.25000000000000355,-29.733990609856768,8.0,-56.38464788638021,-88.95197182957027,147.33661971595052,10.0,207.7212676023307,353.0578873182814,-138.7791549206121,14980.0,10,4235.916666666666,4661.833333333332,11,6,2500.4999999999995,9.0,12,0
1407,2.333333333333333,-47.02765160395359,75.20814407259705,-25.180492468643454,5.333333333333334,27.84715913531013,-0.3333333333333321,-25.18049246864346,7.666666666666668,-48.36098493728692,-75.87481073926372,127.56912900988398,11.000000000000002,182.59678061383758,306.83257629038826,-124.42935690422588,14993.333333333332,10,4551.133333333333,4790.583333333332,142,6,2502.8611111111113,9.333333333333336,9,0
1408,2.5,-65.9138869578536,102.1624971034471,-34.0819434789268,4.666666666666666,36.165276812260146,-0.0833333333333286,-34.081943478926824,6.666666666666666,-66.24722029118696,-102.3291637701138,170.4097173946341,8.5,240.3236043524877,408.8999884137888,-162.2235927662764,16084.333333333332,13,4081.333333333334,4135.333333333333,43,6,2684.222222222222,7.583333333333332,10,0
1409,2.1666666666666665,-64.49300831064913,102.36451246597369,-34.371504155324565,5.666666666666666,37.121504155324565,-0.75,-34.371504155324565,7.666666666666666,-67.49300831064913,-103.86451246597369,174.5241874432895,10.833333333333332,248.350529087272,419.7080498638948,-205.22524561783348,16498.333333333332,11,4366.045454545454,4441.166666666666,33,6,2753.666666666666,9.25,8,0
1410,2.833333333333333,-74.60333362283444,113.61333376758499,-37.51000014475055,4.333333333333334,40.093333478083885,1.0833333333333357,-37.51000014475055,8.0,-70.2700002895011,-111.44666710091832,184.55000072375282,10.833333333333336,260.4866676799205,442.2033350703398,-186.3566694169269,16701.333333333336,13,4422.256410256412,4691.833333333334,59,6,2787.5,9.416666666666668,12,0
1411,3.0,-69.28951610248454,107.76760748706016,-35.97809138457561,5.5,38.311424717908935,-0.1666666666666785,-35.9780913845756,7.666666666666666,-69.9561827691512,-108.10094082039343,180.72379025621132,10.333333333333332,256.01330635869584,434.07042994824053,-206.9170696402697,15696.666666666664,11,3672.439393939393,3084.666666666666,41,6,2619.9722222222213,9.0,13,0
1412,3.0,-52.826226293909734,81.9893394408646,-27.163113146954867,5.0,29.663113146954867,0.5,-27.163113146954867,8.0,-50.826226293909734,-80.98933944086461,134.31556573477434,10.5,190.14179202868405,321.9573577634584,-114.93248312547577,15484.333333333332,11,4084.636363636364,3892.0,105,6,2584.5,9.25,13,0
1414,2.833333333333333,-33.73394159580608,56.100912393709116,-18.86697079790304,6.333333333333334,21.866970797903036,-0.5,-18.86697079790304,8.833333333333334,-35.73394159580608,-57.10091239370914,95.33485398951521,11.333333333333336,136.06879558532128,228.90364957483646,-84.13911182682443,15451.666666666664,12,4164.75,4407.666666666666,93,6,2579.777777777778,10.083333333333334,12,0
1415,2.5,-75.9551266497388,118.18268997460821,-39.39422999153607,5.333333333333334,42.2275633248694,0.0,-39.39422999153607,8.166666666666668,-75.9551266497388,-118.18268997460821,196.637816624347,10.666666666666668,277.5929432740858,471.73075989843306,-206.32370317251892,17279.333333333332,16,4396.291666666666,4189.0,67,6,2884.111111111111,9.416666666666668,10,0
1416,1.8333333333333333,-77.82594203219479,122.86391304829218,-41.204637682764066,5.666666666666668,44.287971016097394,-0.75,-41.204637682764066,8.0,-80.82594203219479,-124.36391304829218,208.5231884138203,11.333333333333336,296.01579711268175,501.2056521931688,-244.72144930585057,16824.666666666664,14,4370.440476190476,4243.833333333334,70,6,2808.0,9.666666666666668,6,0
1418,2.5,-72.47680179265694,112.92353602231873,-37.780067562995136,5.166666666666666,40.030067562995136,-0.4166666666666714,-37.78006756299512,6.999999999999999,-74.1434684593236,-113.75686935565209,190.06700448164239,9.166666666666666,268.54380627429924,456.4441440892748,-236.65461703024076,17202.666666666668,13,4656.3589743589755,4610.166666666667,44,6,2870.75,8.083333333333332,10,0
1396,3.0,-50.86031445235731,79.66547167853597,-26.471823892845322,5.333333333333334,29.055157226178647,0.25,-26.471823892845322,8.166666666666668,-49.86031445235731,-79.16547167853597,131.85911946422658,11.000000000000002,187.38610058325057,316.41188671414375,-94.46465396406096,17441.0,14,4453.190476190476,4140.583333333334,7,6,2910.916666666666,9.583333333333336,13,0
