ID,a0,b0,c0,d0,a1,b1,c1,d1,a2,b2,c2,d2,a3,b3,c3,d3,Average Daily Steps,No of active session,A_Mean,A_Median,A_Mode,No of sedentary session,S_Mean,S_Median,S_Mode
1471,3.1666666666666665,-74.65168461718332,115.06086025910832,-38.24250897525833,5.333333333333333,40.742508975258325,0.3333333333333286,-38.24250897525832,8.166666666666666,-73.31835128384998,-114.39419359244162,190.37921154295827,10.833333333333332,269.0308961601416,456.7434410364332,-219.27433719657472,17124.333333333332,15,4052.299999999999,3789.0,[517.33333333],6,2858.4166666666665,9.5,[3.16666667]
1464,2.0,-62.49657994120284,98.49486991180426,-32.99828997060142,5.0,35.49828997060142,-0.5,-32.99828997060142,7.0,-64.49657994120284,-99.49486991180429,166.32478318634045,9.333333333333334,235.48802979420995,399.47947964721686,-120.30084277476021,18261.333333333332,14,4571.297619047619,4490.333333333332,[524.],6,3046.944444444444,8.166666666666668,[2.]
1465,2.0,-57.117533197118355,89.00963312901087,-29.558766598559178,4.333333333333334,32.225433265225846,0.3333333333333428,-29.55876659855919,7.333333333333334,-55.784199863785034,-88.34296646234421,147.12716632612924,10.333333333333334,208.91136618991428,353.0385325160436,-145.7832320392912,16026.333333333332,15,4175.11111111111,4112.333333333333,[426.5],6,2674.555555555555,8.833333333333334,[2.]
1466,2.6666666666666665,-50.042452041401965,79.85534472876961,-26.81289268736765,5.666666666666666,29.229559354034315,-0.5833333333333321,-26.81289268736765,7.499999999999999,-52.3757853747353,-81.0220113954363,135.56446343683825,9.666666666666666,192.2735821449069,325.67137891507866,-105.2782943933189,16502.333333333332,13,4089.730769230769,3959.833333333334,[422.33333333],6,2754.194444444444,8.583333333333332,[2.66666667]
1467,3.0,-51.56331281743905,81.55330255949191,-27.156656408719524,5.833333333333334,30.07332307538619,0.0833333333333357,-27.156656408719527,8.833333333333334,-51.22997948410572,-81.38663589282523,135.7832820435976,12.0,193.34659486103666,325.9632102379677,-143.3098050990044,15545.333333333332,9,3853.907407407408,3573.0,[1253.],6,2595.6666666666665,10.416666666666668,[3.]
1468,1.8333333333333333,-61.29709751780736,95.2373129433777,-31.60688209223701,4.166666666666667,34.356882092237015,0.41666666666667496,-31.606882092237022,7.333333333333334,-59.6304308511407,-94.40397961004437,156.03441046118508,9.333333333333334,219.6648413123258,373.6992517735108,-139.5307597525033,18463.66666666667,18,4984.768518518519,5181.916666666667,[463.16666667],6,3080.805555555556,8.333333333333334,[1.83333333]
1469,2.0,-35.51499699265999,56.814162155656646,-18.965831829663326,4.333333333333334,21.21583182966333,-0.08333333333333215,-18.965831829663333,6.5,-35.84833032599333,-56.98082882232333,95.32915914831666,9.0,136.17748947431,229.0066486226268,-25.51747143027012,16738.0,11,4769.151515151515,4801.666666666667,[988.83333333],6,2792.8333333333335,7.75,[2.]
1475,2.6666666666666665,-30.985100530572787,50.93598412919252,-17.117550265286393,5.5,19.53421693195306,-0.4166666666666643,-17.117550265286397,7.5,-32.65176719723946,-51.769317462525855,86.92108465976531,10.0,124.57285185700478,208.99393651677008,2.5998782928918445,15664.0,10,4286.833333333334,4519.833333333334,[954.83333333],6,2614.444444444445,8.75,[2.66666667]
1463,3.3333333333333335,-69.62508198818354,109.18762298227531,-36.56254099409177,6.333333333333334,39.06254099409177,-0.5,-36.56254099409177,8.333333333333334,-71.62508198818354,-110.18762298227533,183.81270497045887,10.333333333333334,259.4377869586424,441.2504919291015,-153.3549455544105,16253.0,12,4448.680555555556,4195.916666666666,[557.66666667],6,2713.2500000000005,9.333333333333334,[3.33333333]
1470,2.1666666666666665,-82.90898803371509,128.03014871723929,-42.62116068352421,4.666666666666666,45.28782735019088,0.1666666666666785,-42.621160683524224,7.5,-82.24232136704843,-127.69681538390596,211.9391367509544,9.5,298.1814581180028,508.1205948689572,-241.30205298696,17147.666666666668,12,4546.847222222223,4639.75,[574.5],6,2861.4166666666665,8.5,[2.16666667]
1474,2.5,-65.15731837364355,101.11097756046532,-33.62032585348844,4.833333333333334,36.203659186821774,0.25,-33.62032585348844,7.666666666666668,-64.15731837364355,-100.61097756046536,167.60162926744223,10.500000000000002,237.42561430775243,402.1939102418612,-137.11952454961363,18039.333333333336,15,4574.944444444444,4493.333333333334,[513.],6,3010.5,9.083333333333336,[2.5]
1473,3.0,-59.59690058794281,94.02035088191423,-31.590116960638074,5.833333333333334,33.673450293971406,-0.75,-31.59011696063807,7.166666666666667,-62.59690058794281,-95.52035088191423,160.45058480319037,9.5,227.71415205779985,385.831403527657,-178.71222225212352,16545.333333333332,13,4270.717948717948,4132.0,[444.33333333],6,2761.4166666666665,8.333333333333334,[3.]
1472,2.8333333333333335,-87.47594090946716,134.42224469753407,-44.61297045473358,5.166666666666667,47.52963712140024,0.5833333333333286,-44.61297045473357,8.666666666666668,-85.14260757613381,-133.25557803086738,220.06485227366787,10.333333333333334,308.540793183135,526.9389787901364,-269.14643863993797,17045.666666666664,11,4582.833333333333,4469.833333333333,[576.66666667],6,2844.75,9.5,[2.83333333]
1462,2.3333333333333335,-60.84547294748354,97.22654275455866,-32.71440314040844,6.0,35.464403140408436,-0.9166666666666714,-32.71440314040843,7.833333333333333,-64.5121396141502,-99.05987608789195,166.23868236870882,10.5,236.08415531619235,399.65617101823455,-217.07365966776024,14783.0,11,3301.3030303030305,3050.666666666667,[429.16666667],6,2467.888888888889,9.166666666666666,[2.33333333]
1457,3.1666666666666665,-60.3456098669606,94.64341480044091,-31.464471600146968,6.0,34.5478049334803,0.25000000000000355,-31.464471600146968,9.333333333333334,-59.3456098669606,-94.14341480044091,155.4890246674015,11.333333333333334,218.8346345343621,372.32365920176335,-160.32496040279216,16601.0,15,4516.5,4376.166666666666,[442.16666667],6,2771.2222222222226,10.333333333333334,[3.16666667]
1460,2.3333333333333335,-53.90927103450652,87.44723988509311,-29.371302183919926,6.5,32.87130218391992,-0.6666666666666607,-29.371302183919926,9.333333333333334,-56.57593770117318,-88.78057321842643,148.18984425293294,12.166666666666668,210.4324486207728,355.78895954037245,-138.38807482781192,14643.0,11,3831.439393939395,3901.8333333333335,[440.],6,2445.083333333333,10.75,[2.33333333]
1448,3.1666666666666665,-48.51970362819343,75.40455544229016,-25.051518480763384,5.0,27.134851814096717,0.25,-25.051518480763384,7.333333333333334,-47.51970362819343,-74.90455544229015,127.09092573715024,12.0,183.943962698677,306.36822176916064,-24.145517801170968,18451.333333333332,15,4828.333333333332,4453.5,[478.16666667],6,3079.555555555555,9.666666666666668,[3.16666667]
1449,2.6666666666666665,-36.5126039121519,59.393905868227854,-19.88130195607595,5.666666666666666,22.63130195607595,-0.25,-19.88130195607595,8.166666666666666,-37.5126039121519,-59.89390586822785,99.40650978037975,10.166666666666666,140.91911369253165,238.3256234729114,-110.57807049877636,14126.333333333334,8,4143.333333333334,4177.750000000001,[1253.83333333],6,2358.444444444445,9.166666666666666,[2.66666667]
1450,3.3333333333333335,-64.278504079543,98.45942278598116,-32.68091870643816,4.833333333333334,34.597585373104835,0.4166666666666643,-32.68091870643816,7.166666666666668,-62.61183741287633,-97.62608945264785,161.57126019885752,8.500000000000002,226.8497642784005,387.08769114392476,-147.43745542232523,16194.666666666664,12,3914.6249999999986,4095.5,[475.],6,2702.694444444444,7.833333333333335,[3.33333333]
1451,1.3333333333333333,-68.19673573961066,105.96177027608266,-35.265034536471994,3.833333333333333,37.931701203138665,0.1666666666666714,-35.265034536472,6.666666666666666,-67.530069072944,-105.6284369427493,175.32517268235998,8.833333333333332,247.18857508863732,420.3470811043307,-188.86898952630133,16871.0,14,4626.595238095238,4676.0,[487.5],6,2814.7499999999995,7.749999999999999,[1.33333333]
1452,3.6666666666666665,-76.99131331305755,121.32030330291965,-40.662323323195444,7.333333333333333,43.66232332319544,-0.6666666666666714,-40.66232332319543,9.666666666666666,-79.6579799797242,-122.65363663625297,204.47828328264384,11.833333333333332,288.4695965957014,490.7812132116787,-220.41747647404668,17617.0,16,4585.072916666667,4594.333333333334,[570.66666667],6,2941.0277777777787,10.75,[3.66666667]
1447,2.5,-79.27025184377545,121.94704443232985,-40.67679258855439,4.5,42.59345925522106,-0.0833333333333286,-40.6767925885544,6.333333333333333,-79.6035851771088,-122.11371109899649,204.7172962761053,9.333333333333332,290.3208814532141,492.0381777293195,-275.35905918253354,13998.333333333336,5,4235.933333333334,5168.000000000001,[516.33333333],6,2336.3611111111118,7.833333333333332,[2.5]
1476,2.8333333333333335,-58.9520593690072,90.1780890535108,-29.7260296845036,4.333333333333334,32.2260296845036,1.0,-29.7260296845036,7.833333333333334,-54.9520593690072,-88.1780890535108,146.46348175585135,11.166666666666668,208.0822077915252,351.21235621404315,-159.46123067223505,16830.666666666664,12,4432.069444444444,4166.083333333334,[1335.66666667],6,2808.944444444444,9.5,[2.83333333]
1461,1.3333333333333333,-55.16220732463425,85.78497765361806,-28.789436995650462,3.1666666666666665,30.03943699565046,-0.5833333333333357,-28.789436995650455,3.833333333333333,-57.49554065796758,-86.95164432028471,146.11385164491895,5.5,206.94272563621988,351.3899106144721,-185.83263625069196,16165.333333333334,12,4055.305555555556,3663.75,[1182.66666667],6,2696.25,4.666666666666666,[1.33333333]
1453,2.8333333333333335,-64.10761433175327,101.45308816429656,-33.8454738325433,6.333333333333334,37.26214049920997,-0.0833333333333286,-33.845473832543306,9.666666666666668,-64.44094766508661,-101.61975483096323,169.2273691627165,12.833333333333334,240.00165016113647,406.06235265718624,-189.0640028183227,16084.666666666666,15,4404.877777777779,4656.166666666667,[469.83333333],6,2685.8333333333335,11.25,[2.83333333]
1446,3.5,-55.747130222801125,84.57902866753503,-27.66523177806723,4.666666666666667,30.41523177806723,1.5833333333333321,-27.66523177806723,9.0,-49.4137968894678,-81.41236200086837,133.6594922236695,11.833333333333334,188.73995577980395,319.5661146701403,-103.13940378327754,17595.666666666668,15,4597.488888888888,4740.5,[417.],6,2936.8611111111113,10.416666666666668,[3.5]
1455,3.6666666666666665,-4.232429131947212,12.056977031254151,-4.324547899306939,7.166666666666666,6.907881232640272,-0.9166666666666679,-4.324547899306938,8.833333333333332,-7.899095798613878,-13.890310364587483,23.622739496534695,10.666666666666666,35.18850196181524,56.977908125016654,71.33358991316811,16292.0,12,4495.097222222223,4460.416666666667,[664.33333333],6,2720.111111111111,9.75,[3.66666667]
1456,1.8333333333333333,-58.07492728661354,89.11239092992031,-29.704130309973436,3.1666666666666665,31.03746364330677,0.0,-29.704130309973436,4.5,-58.07492728661354,-89.11239092992031,148.18731821653384,5.5,208.26224550314737,355.4495637196811,-73.71180922282849,16392.0,12,4283.013888888889,4151.083333333333,[495.5],6,2733.9722222222213,5.0,[1.83333333]
1445,3.0,-52.04336429017053,82.9400464352558,-27.730015478418597,6.166666666666666,30.646682145085265,-0.25000000000000355,-27.730015478418597,8.833333333333332,-53.04336429017053,-83.4400464352558,138.98341072542632,11.333333333333332,197.02677501559685,333.51018574102324,-135.3702940899534,16882.0,13,4420.25641025641,4266.0,[811.33333333],6,2818.2222222222226,10.083333333333332,[3.]
1444,2.1666666666666665,-66.00845868195498,103.72102135626581,-34.54589600764416,5.333333333333333,37.79589600764415,0.0833333333333286,-34.545896007644146,8.666666666666666,-65.67512534862163,-103.55435468959912,172.06281337155409,11.5,243.40460538684238,412.6340854250633,-168.03869081190567,17695.666666666664,15,4708.088888888888,4713.666666666666,[499.5],6,2953.361111111111,10.083333333333332,[2.16666667]
1458,2.5,-114.41568231160669,174.66519013407668,-58.08284115580334,4.666666666666666,60.66617448913668,0.4166666666666714,-58.08284115580335,7.666666666666666,-112.74901564494003,-173.83185680074337,289.0808724456834,10.166666666666666,406.8298880906234,693.4107605363066,-424.5739819602634,17888.333333333336,13,4638.461538461538,4331.0,[685.83333333],6,2985.1944444444453,8.916666666666666,[2.5]
1459,1.8333333333333333,-77.46530011924571,118.94795017886858,-39.31598339295619,4.0,42.482650059622856,1.000000000000007,-39.31598339295619,8.166666666666668,-73.46530011924571,-116.94795017886857,192.2465836314476,10.000000000000002,269.37855041736,459.7918007154743,-208.1703511328343,19019.666666666664,16,4982.21875,4786.833333333332,[531.],6,3173.4166666666665,9.083333333333336,[1.83333333]
1454,2.3333333333333335,-58.6601526400925,91.82356229347208,-30.66340965337958,4.833333333333334,32.99674298671292,-0.16666666666667496,-30.663409653379578,7.0,-59.32681930675916,-92.15689562680538,153.6503816002312,9.166666666666666,217.31053424032373,368.7942491738885,-211.93811674754556,16050.333333333332,12,4716.152777777777,4881.083333333333,[1049.33333333],6,2678.5277777777774,8.083333333333332,[2.33333333]
1477,2.5,-62.15710433288892,97.40232316600004,-32.411885499777796,5.333333333333334,35.411885499777796,0.1666666666666643,-32.411885499777796,8.5,-61.490437666222256,-97.06898983266674,161.39276083222234,11.333333333333334,228.54986516511124,387.10929266400024,-183.99249116244482,16757.333333333332,14,4505.27380952381,4849.916666666666,[443.],6,2797.0277777777774,9.916666666666668,[2.5]
1491,2.6666666666666665,-57.53172990362036,90.00592818876387,-29.974198285143515,5.166666666666666,32.557531618476844,0.08333333333333215,-29.974198285143512,7.833333333333332,-57.198396570287024,-89.8392615220972,148.87099142571756,9.666666666666666,209.73605466267125,356.7737127550555,-119.84310075106009,18482.0,16,4652.677083333334,4635.166666666666,[456.33333333],6,3084.1111111111113,8.75,[2.66666667]
1479,1.1666666666666667,-66.85647151575223,105.36804060696169,-35.34490242454278,4.333333333333333,37.84490242454278,-0.6666666666666572,-35.34490242454279,6.166666666666666,-69.5231381824189,-106.70137394029501,178.72451212271392,8.666666666666666,253.24765030513282,429.47216242784674,-181.71981273297956,15110.0,10,4138.1833333333325,4679.416666666666,[509.66666667],6,2521.333333333333,7.416666666666666,[1.16666667]
1500,2.6666666666666665,-45.18775388831946,73.98996416581252,-25.1355436108264,6.333333333333333,27.385543610826396,-1.416666666666675,-25.13554361082639,7.166666666666666,-50.85442055498612,-76.82329749914584,131.34438472079862,10.833333333333332,189.53213860911808,317.20985666325015,-164.90866193903491,16116.666666666666,13,4714.923076923077,4506.333333333333,[1226.33333333],6,2690.3888888888887,9.0,[2.66666667]
1844505072,4.333333333333333,1.0830081841672596,2.042154390415778,-0.4584959079163706,7.0,3.791829241249704,0.6666666666666683,-0.4584959079163724,11.0,3.749674850833924,-0.7088210570824502,-0.3741871270848076,13.666666666666666,1.2094713554146002,-1.8313824383368742,0.621911082922274,3744.666666666667,0,,,[],15,638.4555555555556,13.666666666666666,[13.66666667]
1927972279,3.1666666666666665,3.0309383579959643,-0.8797408703272809,0.3488025123313161,5.666666666666666,2.317864154335351,0.16666666666666785,0.3488025123313152,8.5,3.697605024662632,1.2130742036606161,-1.4106792283232483,12.0,1.89171574701412,-3.0189634813091284,1.1272477342950085,2817.0,0,,,[],18,394.42592592592587,17.833333333333336,[12.]
2026352035,2.5,-3.1176638247200072,7.593162403746677,-2.47549857902667,4.5,4.642165245693337,0.1666666666666674,-2.4754985790266706,6.833333333333334,-2.45099715805334,-7.259829070413343,10.877492895133349,8.0,15.661823386520021,25.37264961498671,-37.2011396681734,10390.333333333334,4,2844.0,2970.5,[1359.],8,1304.3333333333335,9.916666666666668,[11.83333333]
2320127002,3.8333333333333335,-1.0273268486374425,1.3743236062894972,-0.013663424318721251,4.166666666666667,1.6803300909853882,1.3333333333333335,-0.013663424318721695,7.166666666666667,4.30600648469589,1.2923430603771644,-2.265016211739721,10.5,0.09564397023105545,-5.502705574842,5.407061604610945,6192.666666666668,1,3091.0000000000005,3091.0000000000005,[3091.],9,725.1481481481483,10.5,[10.5]
1443,1.6666666666666667,-38.83433911838841,61.29317534424928,-20.292169559194203,3.833333333333333,22.875502892527535,0.4166666666666643,-20.2921695591942,6.833333333333333,-37.167672451721735,-60.45984201091596,99.79418112930436,9.0,141.29518691435942,238.92270137699705,-80.05122162468979,15898.0,13,4822.371794871795,4964.5,[1101.83333333],6,2652.5833333333335,7.916666666666666,[1.66666667]
1499,3.0,-82.00616795954801,129.42591860598867,-43.41975064644067,7.0,46.58641731310734,-0.8333333333333286,-43.419750646440676,9.333333333333334,-85.33950129288135,-131.09258527265536,219.4320865655367,12.333333333333334,310.77158785841806,527.2036744239551,-273.64192894903977,16952.333333333332,12,4249.486111111111,4172.583333333334,[576.66666667],6,2830.25,10.833333333333334,[3.]
6775888955,2.1666666666666665,15.473121439494491,-17.459682159241737,5.653227386413913,5.833333333333333,-2.4865607197472457,-0.4999999999999991,5.653227386413912,8.5,13.473121439494491,16.459682159241737,-26.76613693206956,11.666666666666666,-33.90592503823072,-63.83872863696695,97.74465367519767,7775.666666666667,3,2059.555555555555,2079.1666666666665,[906.33333333],11,1406.1666666666667,906.3333333333333,[11.66666667]
6117666160,2.0,-0.1973851198002774,0.5877443463670826,0.10964077343319478,2.5,1.3070258932334722,0.9166666666666672,0.10964077343319456,4.833333333333334,3.4692815468663905,1.245588986966251,-1.3815372004993076,8.166666666666668,1.8158479193009696,-2.899022614531672,1.0831746952307024,17007.333333333332,12,4909.680555555556,5003.75,[1004.33333333],10,1712.4,8.166666666666668,[8.16666667]
8792009665,2.5,5.834296090587768,-3.168110802548317,0.8338147119605495,6.0,1.9995186213727822,-0.6666666666666692,0.833814711960553,8.166666666666666,3.1676294239211034,1.8347774692149903,-1.6690735598027597,11.5,1.8299636829428045,-3.17244321019329,1.3424795272504852,970.6666666666667,0,,,[],22,149.0909090909091,62.166666666666664,[11.5]
3372868164,1.6666666666666667,4.916051841689212,-3.707411095867151,1.291359254177939,4.166666666666667,1.375307412488727,0.1666666666666652,1.2913592541779408,7.0,5.58271850835588,4.04074442920049,-7.956796270889704,8.666666666666666,-10.206181445912252,-19.829644383468633,30.035825829380883,15513.0,9,3681.666666666666,3818.5,[647.],7,2220.166666666667,8.666666666666666,[8.66666667]
4020332650,2.5,1.2985258940387272,-0.32278884105809125,0.3575962803526971,3.833333333333333,1.725737052980636,0.7500000000000004,0.35759628035269664,6.666666666666666,4.298525894038727,1.8227888410580926,-3.62131473509682,9.166666666666666,-2.919840629135547,-9.041155364232367,11.960995993367913,3342.6666666666665,0,,,[],13,773.3205128205128,9.166666666666666,[9.16666667]
4057192912,3.1666666666666665,7.326932278815616,-5.90706508489009,1.7467994727411407,6.333333333333333,0.753200527258858,-0.6666666666666683,1.7467994727411433,8.166666666666666,4.660265612148952,4.573731751556759,-6.2339973637057104,11.166666666666666,-4.894262975854662,-14.128260339560377,19.02252331541504,9395.0,5,2659.3666666666663,2839.333333333333,[679.5],11,1454.9393939393938,11.166666666666666,[11.16666667]
4319703577,2.5,3.586034209124817,-1.1707179803538934,0.2513504378957423,5.166666666666666,1.9986495621042575,-0.41666666666666496,0.2513504378957405,6.999999999999999,1.9193675424581493,0.3373846470205575,-0.9234188561453738,8.333333333333332,-0.17611973193685712,-2.4328719214155647,3.6089916533524216,11228.0,5,2945.7333333333336,2496.8333333333335,[1390.16666667],10,1689.4166666666667,9.333333333333332,[9.33333333]
6290855005,2.0,2.036437386403394,0.5703439203949081,0.05988535986836396,4.666666666666666,3.356781306798302,0.75,0.05988535986836396,8.833333333333332,5.036437386403394,0.9296560796050937,-2.6327601326751537,12.166666666666666,-1.0025308524118794,-6.968624318420366,7.971155170832246,10122.666666666668,5,3018.666666666667,2973.166666666667,[1693.83333333],13,2328.7820512820517,49.16666666666667,[12.16666667]
1498,3.0,-81.98275975664738,126.97413963497108,-42.32471321165703,5.666666666666666,44.99137987832369,0.0,-42.32471321165703,8.333333333333332,-81.98275975664738,-126.97413963497104,210.6235660582851,9.999999999999998,295.93965914826583,504.8965585398844,-278.00288435481684,17746.0,14,4722.607142857143,4840.666666666666,[532.83333333],6,2961.7777777777774,9.166666666666664,[3.]
1497,0.8333333333333334,-75.86713602567377,118.67570403851067,-39.64190134617022,4.0,42.558568012836886,-0.2500000000000071,-39.641901346170215,6.666666666666666,-76.86713602567377,-119.17570403851069,199.3761733975178,10.0,282.9099760898582,478.9528161540427,-245.8627922439009,16211.666666666664,12,4405.902777777777,4462.083333333333,[526.],6,2705.194444444444,8.333333333333332,[0.83333333]
1496,2.0,-87.53781956471123,138.51506268040018,-46.643909782355614,6.333333333333333,49.56057644902228,-1.4166666666666714,-46.64390978235561,7.833333333333333,-93.20448623137789,-141.3483960137335,236.21954891177805,9.5,332.75736847648926,567.3102507216006,-303.5676191980899,17363.666666666668,14,4798.595238095238,5176.0,[606.],6,2897.638888888889,8.666666666666666,[2.]
1480,2.6666666666666665,-83.18547069820102,128.86153938063487,-43.00940201576718,5.333333333333333,45.50940201576717,-0.1666666666666714,-43.009402015767165,7.666666666666666,-83.85213736486767,-129.1948727139682,214.54701007883588,9.166666666666666,301.39914744370355,514.4461575225396,-235.1786382995765,15420.333333333336,10,3845.6,4107.416666666667,[589.83333333],6,2573.7500000000005,8.416666666666666,[2.66666667]
1481,3.3333333333333335,-83.62650422736722,129.3564230077175,-43.229918780350275,5.833333333333334,45.396585447016946,-0.3333333333333286,-43.22991878035028,7.666666666666667,-84.95983756070056,-130.02308967438418,217.31626056841807,10.0,306.9427647957853,521.9256920308699,-238.7017901599886,16355.666666666668,11,4246.757575757577,4699.666666666667,[600.16666667],6,2730.0277777777787,8.833333333333334,[3.33333333]
1482,2.1666666666666665,-42.41428439819362,66.9130932639571,-22.33214219909681,4.333333333333333,24.415475532430143,-0.0833333333333357,-22.332142199096808,6.333333333333333,-42.74761773152695,-67.07975993062378,111.4940443288174,8.0,157.57499539367768,267.4023730558285,-97.14403511617286,17503.333333333336,15,4695.266666666667,4594.333333333334,[759.66666667],6,2920.055555555556,7.166666666666666,[2.16666667]
1483,2.0,-81.31544106933832,124.34816160400747,-41.199387201335824,3.833333333333333,43.78272053466916,0.75,-41.199387201335824,7.166666666666666,-78.31544106933832,-122.84816160400747,203.1636026733458,9.166666666666666,285.4790437426841,486.64264641603006,-189.7883568253808,16181.666666666666,13,4580.628205128205,4685.333333333334,[591.5],6,2700.1388888888887,8.166666666666666,[2.]
1484,3.0,-74.61728758056783,115.25926470418509,-38.47531045695058,5.166666666666666,40.47531045695058,-0.1666666666666714,-38.475310456950574,6.999999999999999,-75.28395424723449,-115.5925980375184,194.04321895141956,10.166666666666666,275.6605065319874,466.53705881674034,-187.0308986820611,15616.666666666666,11,3555.6212121212116,3298.1666666666665,[565.33333333],6,2606.6388888888887,8.583333333333332,[3.]
1485,3.5,-50.501179339041244,79.58510234189521,-26.750589669520622,5.833333333333334,28.41725633618729,-0.6666666666666643,-26.750589669520625,6.833333333333334,-53.167846005707915,-80.91843567522855,135.9196150142698,8.666666666666668,192.75412768664435,326.84040936758095,-81.42787038755864,19225.0,16,5132.104166666667,5137.583333333334,[446.83333333],6,3207.9166666666674,7.750000000000001,[3.5]
1486,3.6666666666666665,-77.94452692025308,122.91679038037961,-41.138930126793205,7.5,44.47226346012654,-0.4999999999999929,-41.13893012679321,10.333333333333334,-79.94452692025308,-123.91679038037961,206.3613173006327,12.833333333333334,291.3058442208858,495.16716152151855,-269.63967240907095,14066.333333333332,9,4049.0370370370365,4520.666666666666,[529.66666667],6,2349.555555555555,11.583333333333334,[3.66666667]
1487,3.6666666666666665,-38.22259662641106,58.79222827294992,-19.402964979872195,4.833333333333333,21.1529649798722,0.5833333333333357,-19.402964979872202,7.166666666666666,-35.88926329307773,-57.62556160628327,96.014824899361,9.666666666666666,136.90408819243873,230.4189130917997,-86.48966795090513,13079.666666666664,5,4376.966666666666,4606.5,[2075.],6,2183.7499999999995,8.416666666666666,[3.66666667]
1488,3.0,-39.40541297282485,63.024786125903944,-21.119373153079092,5.5,23.286039819745756,-0.3333333333333357,-21.11937315307909,7.333333333333333,-40.73874630615818,-63.691452792570594,106.2635324320621,9.166666666666666,150.66894540488695,255.0991445036158,-38.434756575169445,16513.666666666668,12,4753.527777777778,4856.75,[902.33333333],6,2756.138888888889,8.25,[3.]
1489,2.3333333333333335,-53.28858444422472,82.14120999967041,-27.35262555544569,3.8333333333333335,28.935958888779027,0.0833333333333357,-27.352625555445695,5.5,-52.95525111089139,-81.97454333300374,137.0964611105618,7.666666666666666,194.38504555478653,329.31483999868163,-157.03321888680148,16760.666666666668,12,5190.152777777778,5413.0,[1353.33333333],6,2796.3333333333335,6.583333333333333,[2.33333333]
1490,3.1666666666666665,-72.9311376311234,111.7717064466851,-37.00723548222837,5.0,39.5905688155617,0.75,-37.00723548222837,8.333333333333334,-69.9311376311234,-110.27170644668507,183.36951074447515,11.5,259.6339817089319,439.8368257867406,-206.4708074956725,16468.0,15,4182.388888888889,4196.333333333333,[504.5],6,2748.7777777777787,9.916666666666668,[3.16666667]
1492,2.5,-46.11111172197774,73.20833424963328,-24.59722252765554,5.0,26.513889194322203,-0.5833333333333393,-24.597222527655532,6.333333333333333,-48.44444505531107,-74.37500091629994,126.319445971611,9.833333333333332,181.76389102692207,304.58333699853296,-60.347228025455024,17533.666666666668,14,4592.0952380952385,4927.5,[435.83333333],6,2925.8333333333335,8.083333333333332,[2.5]
1493,3.0,-41.91351411037534,66.74527116556301,-22.33175705518767,5.5,24.58175705518767,-0.25,-22.33175705518767,7.5,-42.91351411037534,-67.24527116556301,111.99211860927169,9.333333333333334,158.5722993863137,268.7310846622521,-87.63671738189908,16541.666666666668,12,4695.763888888888,4817.75,[821.83333333],6,2760.6111111111113,8.416666666666668,[3.]
1494,3.1666666666666665,-31.568707616937488,52.72806142540624,-17.82602047513541,6.5,20.409353808468744,-0.7499999999999964,-17.82602047513541,8.333333333333334,-34.56870761693749,-54.22806142540622,91.63010237567704,11.166666666666668,131.8654766592812,220.66224570162498,-49.02772236090618,17542.0,13,4664.551282051282,3993.6666666666665,[779.],6,2927.972222222222,9.75,[3.16666667]
1495,3.3333333333333335,-58.98356770739587,91.64201822776047,-30.491783853697935,5.5,32.82511718703127,0.1666666666666714,-30.49178385369794,8.0,-58.316901040729206,-91.30868489442717,152.62558593515638,11.0,216.94248697588557,366.56807291104195,-137.1772265535942,14684.0,11,3943.818181818182,4274.666666666667,[457.33333333],6,2451.6388888888887,9.5,[3.33333333]
1478,1.8333333333333333,-53.5775980607293,85.40806375776062,-28.497132363697983,5.166666666666667,31.747132363697986,-0.08333333333333215,-28.497132363697986,8.333333333333334,-53.91093139406264,-85.57473042442732,142.48566181848994,11.333333333333334,202.39659321255257,341.8822550310425,-92.44551491026175,18467.333333333332,14,4979.678571428571,5138.666666666666,[463.16666667],6,3081.861111111111,9.833333333333334,[1.83333333]
1442,1.5,-66.94219270040655,105.70495571727649,-35.42942968353661,4.833333333333334,38.17942968353661,-0.5833333333333357,-35.42942968353661,7.0,-69.2755260337399,-106.87162238394316,178.31381508434973,9.166666666666666,251.92267445142295,428.0698228691059,-226.49249732052886,18084.0,13,4993.051282051282,5074.833333333334,[462.66666667],6,3017.305555555556,8.083333333333332,[1.5]
1413,2.6666666666666665,-42.884717913567535,70.7020768703513,-23.984025623450435,6.5,26.567358956783767,-1.25,-23.984025623450435,7.833333333333333,-47.884717913567535,-73.20207687035129,124.42012811725216,11.166666666666666,178.97151269748636,300.0583074814052,-122.86315351222493,15343.666666666664,11,4149.393939393939,4331.0,[1143.66666667],6,2561.4999999999995,9.5,[2.66666667]
1440,2.5,-91.88918075942082,142.5421044724646,-47.81959037971042,5.333333333333334,49.73625704637708,-0.9166666666666714,-47.819590379710405,6.333333333333334,-95.55584742608748,-144.3754378057979,242.09795189855205,8.5,341.9871326579729,581.9184178898583,-324.2388838811646,16999.333333333332,12,5324.625,5594.5,[608.16666667],6,2836.75,7.416666666666667,[2.5]
1373,2.6666666666666665,-100.43224020491091,154.44002697403303,-51.50778676912212,5.166666666666666,53.92445343578879,-0.08333333333332149,-51.507786769122134,7.5,-100.76557353824425,-154.6066936406997,256.87226717894396,9.0,360.6378407171882,616.0101078961325,-338.81461527998727,18052.66666666667,16,4877.125,4968.333333333334,[646.83333333],6,3012.3611111111118,8.25,[2.66666667]
1374,2.3333333333333335,-51.49817310887685,83.49725966331528,-27.999086554438424,6.333333333333334,31.499086554438424,-0.5,-27.999086554438424,9.333333333333334,-53.49817310887685,-84.49725966331528,141.32876610552546,12.666666666666668,201.49360588106896,339.48903865326133,-144.3159778676636,16496.333333333332,9,4468.944444444444,4443.5,[1793.16666667],6,2754.222222222222,11.0,[2.33333333]
1375,2.3333333333333335,-83.39415374465241,128.8828972836453,-42.98874353899287,4.833333333333334,45.40541020565954,-0.0833333333333286,-42.98874353899288,7.166666666666668,-83.72748707798576,-129.04956395031195,215.7770510282977,10.166666666666668,305.50453810628346,518.281589134581,-289.1194605741979,17603.0,15,4595.266666666667,4570.166666666667,[544.83333333],6,2937.5277777777787,8.666666666666668,[2.33333333]
1376,2.1666666666666665,-33.36347270349484,50.92020905524227,-16.55673635174742,3.1666666666666665,18.80673635174742,1.25,-16.55673635174742,6.666666666666666,-28.363472703494843,-48.42020905524227,78.61701509207045,8.5,110.64715446223195,187.43083622096916,-15.744657349867794,17510.666666666664,13,4751.807692307692,4756.333333333333,[824.5],6,2921.5277777777774,7.583333333333333,[2.16666667]
1377,1.1666666666666667,-68.17831479071971,106.39247218607956,-35.38082406202652,4.0,38.464157395359855,0.25,-35.38082406202652,7.333333333333334,-67.17831479071971,-105.8924721860796,174.90412031013264,9.166666666666668,245.749101767519,418.8198887443181,-149.40232384517049,14260.333333333334,10,3566.9,3456.083333333333,[524.33333333],6,2379.75,8.25,[1.16666667]
1378,2.0,-47.12350547599805,74.18525821399709,-24.728419404665694,4.333333333333334,27.061752737999026,0.0,-24.728419404665694,6.666666666666668,-47.12350547599805,-74.18525821399706,123.30876368999512,8.666666666666668,174.43226916599318,295.74103285598846,-90.17330202198161,15933.0,12,4085.055555555555,4214.916666666666,[890.5],6,2658.75,7.666666666666668,[2.]
1379,1.6666666666666667,-50.78256020758145,78.04884031137217,-25.599613437124056,3.3333333333333335,28.516280103790724,1.25,-25.599613437124056,7.5,-45.78256020758145,-75.54884031137216,123.16473385228694,9.333333333333334,172.61396072653505,293.9453612454887,-100.72598863869041,17238.333333333332,13,4517.294871794872,4386.5,[834.],6,2876.361111111111,8.416666666666668,[1.66666667]
1380,1.6666666666666667,-66.20429645020742,101.88977800864447,-33.85214822510371,3.5,36.018814891770376,0.3333333333333286,-33.852148225103704,6.0,-64.87096311687408,-101.22311134197774,168.59407445885182,8.5,238.46503757572592,404.55911203457777,-213.1908162769704,15845.0,11,4453.757575757575,4674.833333333333,[438.33333333],6,2643.6666666666665,7.25,[1.66666667]
1381,2.1666666666666665,-80.52174976706178,124.49095798392601,-41.30254155019756,4.833333333333333,44.55254155019755,0.5833333333333286,-41.302541550197546,8.666666666666666,-78.18841643372843,-123.32429131725934,203.01270775098777,10.166666666666666,284.2011241847162,485.7138319357039,-256.91495612042013,14720.0,10,3844.216666666667,4147.333333333334,[523.16666667],6,2457.1111111111113,9.416666666666666,[2.16666667]
1382,2.8333333333333335,-52.941742400466815,83.53761360070021,-27.92920453356674,5.5,30.345871200233407,-0.25,-27.92920453356674,7.666666666666666,-53.941742400466815,-84.03761360070024,140.47935600116705,10.166666666666666,199.42109840163386,337.40045440280096,-159.15488613776813,16990.33333333333,13,4580.653846153846,4531.666666666667,[1323.],6,2835.5555555555547,8.916666666666666,[2.83333333]
1383,4.333333333333333,-34.33556834865274,56.83668585631245,-19.16778417432637,7.666666666666666,21.834450840993036,-0.6666666666666643,-19.16778417432637,9.666666666666666,-37.00223501531941,-58.17001918964577,97.50558753829851,12.0,139.17448922028458,234.3467434252498,-33.52123264553438,14762.0,9,4150.814814814814,4642.0,[856.33333333],6,2465.6388888888887,10.833333333333332,[4.33333333]
1384,2.3333333333333335,-112.34251702150614,173.55544219892587,-58.04625851075307,5.5,60.629591844086406,-0.5833333333333286,-58.04625851075308,7.5,-114.67585035483948,-174.72210886559253,291.897959220432,10.0,411.5738095752715,700.9717687957035,-363.21224503764165,17710.333333333332,16,4782.645833333333,4639.0,[759.33333333],6,2955.5,8.75,[2.33333333]
1385,1.8333333333333333,-59.601883558290176,95.11115867076859,-31.842608445811756,5.5,35.092608445811756,-0.41666666666666075,-31.84260844581176,8.333333333333334,-61.26855022495685,-95.94449200410193,159.54637556239211,10.666666666666668,225.4815924540156,382.69463468307436,-172.34289380375662,17584.0,13,4786.243589743589,5227.333333333333,[446.5],6,2934.7222222222226,9.5,[1.83333333]
1386,2.6666666666666665,-21.60765438473549,36.86981491043657,-12.428827192367745,5.5,14.845493859034411,-0.41666666666666785,-12.428827192367743,7.5,-23.274321051402154,-37.7031482437699,63.47746929517206,10.0,91.75179034657421,152.72925964174627,5.352283345012893,16448.333333333332,13,4313.653846153846,4124.5,[776.16666667],6,2745.3888888888887,8.75,[2.66666667]
1387,2.0,-64.1889025791128,98.20002053533588,-32.51111795622307,3.5,34.67778462288974,0.6666666666666714,-32.511117956223075,6.333333333333334,-61.52223591244615,-96.86668720200257,160.72225644778206,8.666666666666668,226.91115902689486,385.30008214134375,-176.0445745015719,14114.0,10,3533.7166666666662,3263.666666666667,[444.83333333],6,2355.3888888888887,7.500000000000001,[2.]
1388,2.3333333333333335,-41.38836305901655,64.24921125519148,-21.194181529508274,4.0,23.527514862841606,0.6666666666666643,-21.19418152950827,7.0,-38.72169639234988,-62.91587792185815,104.13757431420802,9.5,147.8592707065579,249.49684502076602,-58.18944906065724,17103.666666666668,14,4339.321428571429,4317.25,[867.66666667],6,2854.1666666666665,8.25,[2.33333333]
1389,3.5,-69.45091910236782,109.38471198688507,-36.433792884517246,7.0,40.017126217850574,0.08333333333332149,-36.43379288451723,10.666666666666666,-69.11758576903448,-109.21804532021835,181.0022977559195,13.333333333333332,255.45321685828733,433.7888479475404,-200.74206480582768,17442.666666666668,14,4602.702380952381,4637.333333333334,[501.83333333],6,2912.444444444445,12.0,[3.5]
1390,2.0,-53.876356472662444,83.85620137566033,-27.813178236331222,4.166666666666666,30.396511569664554,0.4166666666666714,-27.813178236331225,7.166666666666666,-52.20968980599578,-83.02286804232703,137.7325578483228,9.666666666666666,194.94224765431858,330.17480550264133,-86.95038649029323,17324.666666666668,14,4769.690476190476,4965.916666666666,[447.83333333],6,2890.7222222222226,8.416666666666666,[2.]
1391,2.6666666666666665,-46.36603803392902,73.88239038422687,-24.68301901696451,5.5,27.34968568363118,-0.1666666666666643,-24.683019016964515,8.0,-47.032704700595694,-74.2157237175602,124.08176175148922,10.833333333333334,176.7811331187516,298.02956153690747,-65.81069465565906,16930.333333333336,14,4236.22619047619,4132.416666666667,[419.83333333],6,2825.8333333333335,9.416666666666668,[2.66666667]
1372,1.6666666666666667,-42.82859010651367,68.20121849310384,-22.87262838659017,4.166666666666667,24.955961719923504,-0.4166666666666643,-22.872628386590172,5.833333333333334,-44.495256773180344,-69.03455182643717,116.02980859961751,8.333333333333334,165.52506537279785,279.0548739724154,-69.57993934521323,18462.333333333332,16,5017.96875,5103.5,[894.5],6,3079.972222222222,7.083333333333334,[1.66666667]
1392,2.8333333333333335,-50.196768462723504,78.67015269408526,-25.973384231361752,5.333333333333334,29.223384231361752,0.75,-25.973384231361752,9.333333333333334,-47.196768462723504,-77.17015269408526,127.86692115680876,12.833333333333334,182.06368961953225,306.43061077634104,-143.49430039587332,15775.666666666668,11,4747.787878787879,4747.666666666667,[1245.],6,2633.944444444445,11.083333333333334,[2.83333333]
1371,2.1666666666666665,-67.68620763170121,104.73764478088515,-34.884770482517276,4.333333333333333,37.13477048251727,0.0833333333333286,-34.88477048251726,6.666666666666666,-67.35287429836787,-104.57097811421843,175.09051907925297,9.833333333333332,248.7767267109542,420.7005791235406,-208.81063916782807,16310.333333333334,12,3691.2083333333335,3612.75,[470.5],6,2721.8333333333335,8.25,[2.16666667]
1144,1.6666666666666667,14.856361852784698,-15.951209445843713,5.094847593059015,5.666666666666667,-1.7615142597256819,-0.6666666666666643,5.094847593059013,8.333333333333334,12.18969518611803,14.617876112510379,-24.140904631961742,11.0,-30.99726648474644,-57.80483778337489,150.96877093478798,8117.666666666668,5,1708.9666666666667,1708.8333333333335,[610.83333333],8,1431.1041666666667,42.08333333333333,[1.66666667]
1231,2.3333333333333335,-13.359363870747664,23.830712472788164,-7.971348602040499,4.833333333333334,10.388015268707166,-0.08333333333333215,-7.9713486020405,7.166666666666668,-13.692697204080998,-23.99737913945483,40.69007634353583,10.166666666666668,60.38277354761683,98.07284989115266,-27.62229010543615,10260.0,5,3289.8,3605.1666666666665,[1307.5],7,1516.9523809523805,10.166666666666668,[2.33333333]
1230,3.8333333333333335,-24.38794988764205,38.87359149812974,-12.818974943821026,5.5,14.902308277154358,0.41666666666666785,-12.818974943821026,8.0,-22.721283220975383,-38.04025816479641,63.428208052438464,10.666666666666666,91.48282460674717,152.24436599251896,-89.0605239325995,10358.666666666666,5,3262.866666666667,3349.8333333333335,[1353.5],10,2574.616666666667,2595.0000000000005,[3.83333333]
1229,2.8333333333333335,-5.5372939378191415,13.180940906728713,-4.643646968909572,5.833333333333334,6.893646968909571,-0.75,-4.643646968909571,7.333333333333334,-8.537293937819141,-14.680940906728711,25.88490151121452,10.0,39.755528782366994,62.97376362691486,-24.395959075948525,10726.666666666666,5,3291.8666666666663,3444.0,[1263.66666667],10,1728.85,414.5,[2.83333333]
1228,3.0,-8.175075099853775,17.887612649780664,-6.045870883260221,6.666666666666666,9.462537549926886,-0.25000000000000355,-6.045870883260216,9.833333333333332,-9.17507509985377,-18.387612649780646,30.22935441630108,12.499999999999998,44.737762849488185,72.30045059912257,-25.038213448610747,10845.0,4,3289.9583333333335,3586.166666666667,[1642.16666667],7,2315.595238095238,12.499999999999998,[3.]
1227,2.5,-7.712941365856239,15.236078715451026,-5.023137349594786,5.0,7.689804016261453,0.16666666666667052,-5.02313734959479,7.833333333333334,-7.046274699189575,-14.902745382117697,24.282353414640607,10.166666666666668,35.99529478049685,57.94431486180413,-6.439609642300979,9429.666666666668,5,2874.5,3112.833333333333,[1085.83333333],7,1393.619047619048,10.166666666666668,[2.5]
1226,2.1666666666666665,-12.278907340363235,21.626694343878185,-7.014453670181617,4.5,9.931120336848284,0.5833333333333357,-7.01445367018162,8.0,-9.945574007029904,-20.460027677211535,34.072268350908104,11.666666666666666,51.35117569127134,81.75677737551274,-38.27461973345075,9503.666666666666,4,3281.166666666667,3257.25,[2497.],6,1588.0555555555554,9.833333333333332,[2.16666667]
1225,2.8333333333333335,-14.683608787501734,24.73374651458594,-8.050137727084202,4.833333333333334,10.633471060417534,0.5833333333333321,-8.0501377270842,8.0,-12.350275454168402,-23.567079847919274,39.08402196875434,11.166666666666666,57.767630756256075,93.68498605834375,-49.11928348126651,10785.0,4,3523.125,3415.75,[2448.5],7,2240.7380952380954,11.166666666666666,[2.83333333]
1224,2.6666666666666665,-21.909609929662185,35.86441489449328,-11.788138298164426,4.833333333333333,14.454804964831093,0.5,-11.788138298164426,8.0,-19.909609929662185,-34.86441489449328,57.44069149082213,10.666666666666666,82.68363475381764,137.45765957797312,-66.9746276651241,12600.666666666668,5,3625.0666666666666,3525.333333333333,[1342.5],9,2181.6666666666665,423.0,[2.66666667]
1223,1.0,-11.987547051391415,20.77298724375379,-6.618773525695707,3.1666666666666665,9.70210685902904,0.9166666666666652,-6.618773525695706,7.166666666666666,-8.320880384724747,-18.939653910420454,29.427200961811867,9.333333333333332,42.081414679869944,69.34194897501516,-33.09003032155178,12300.333333333334,5,3483.0,3390.666666666667,[1262.83333333],8,1644.0625,174.74999999999997,[1.]
1222,3.5,-16.554770859148928,24.582156288723393,-7.860718762907797,3.6666666666666665,9.027385429574464,0.9999999999999991,-7.860718762907797,5.833333333333333,-12.554770859148928,-22.582156288723382,38.80359381453898,9.5,58.691698007021245,93.8286251548936,-44.853656495248174,11925.333333333334,5,3403.1333333333337,3319.0,[1300.],9,2669.8333333333335,647.0,[3.5]
1221,2.1666666666666665,-11.466581326571903,21.65820532319119,-7.358290663285952,5.0,9.774957329952619,-0.41666666666666785,-7.358290663285951,7.0,-13.13324799323857,-22.49153865652452,37.958119983096424,9.333333333333334,55.758034643001665,91.38282129276479,-51.47418926909978,9905.0,5,2834.066666666667,2763.166666666667,[1180.33333333],8,1868.8125000000002,86.58333333333334,[2.16666667]
1220,3.1666666666666665,-13.875352713088677,24.14636240296635,-8.104343023211005,5.333333333333333,10.104343023211005,-0.16666666666666963,-8.104343023211003,7.166666666666666,-14.542019379755342,-24.47969573629968,41.52171511605502,9.666666666666666,61.06373449581036,100.08544961186539,-53.64918410767575,10021.333333333334,5,2811.4666666666667,2561.8333333333335,[1609.],8,1904.4166666666667,206.16666666666669,[3.16666667]
1219,3.0,-7.644436786428429,17.216655179642643,-5.905551726547548,6.666666666666666,9.072218393214213,-0.5000000000000018,-5.905551726547545,9.333333333333332,-9.644436786428425,-18.216655179642633,31.361091966071058,12.833333333333332,48.00552875249949,75.86662071857054,-27.37214947107003,9490.333333333334,5,2754.0,2522.5,[1623.],7,1472.8333333333335,12.833333333333332,[3.]
1218,2.6666666666666665,-18.48297106500322,30.05778993083816,-9.74148553250161,4.5,12.408152199168278,0.8333333333333321,-9.74148553250161,8.0,-15.149637731669888,-28.391123264171508,45.540760995841396,10.0,64.69039872751128,108.23115972335265,-67.92155845086393,11267.333333333332,5,3156.666666666667,2848.6666666666665,[1730.66666667],9,1909.8148148148143,156.66666666666666,[2.66666667]
1217,2.6666666666666665,-8.867037347368916,16.008889354386707,-5.308518673684458,4.5,7.225185340351125,0.08333333333333393,-5.308518673684459,6.5,-8.533704014035584,-15.842222687720039,26.709260035088956,8.833333333333334,39.90963071579121,64.28555741754683,-15.195188133338036,11583.0,5,3298.4,2997.333333333333,[1859.5],7,1719.3333333333335,8.833333333333334,[2.66666667]
1216,0.8333333333333334,-14.674609888406518,25.303581499276444,-8.295638277536593,3.166666666666667,11.045638277536593,0.4166666666666705,-8.295638277536597,6.333333333333334,-13.007943221739856,-24.47024816594312,39.978191387682976,8.833333333333334,57.986134609422834,95.4643259971058,-34.11712727319531,10320.0,5,2922.766666666667,2649.666666666667,[1646.83333333],9,1774.3333333333333,306.5,[0.83333333]
1141,2.0,-2.0160991401352266,7.690815376869506,-2.6747162367342794,5.0,5.341382903400947,-0.3333333333333308,-2.6747162367342825,7.333333333333334,-3.349432473468562,-8.35748204353618,14.873581183671408,10.5,24.5563469904733,36.263261507478106,82.01372483538194,7689.666666666668,5,1647.8,1656.1666666666667,[659.83333333],7,1532.4761904761908,10.5,[2.]
1142,3.5,4.18430618451538,-2.8181259434397354,0.9671530922576892,5.833333333333334,1.4495135744089773,0.08333333333333348,0.9671530922576892,8.333333333333334,4.517639517848712,2.9847926101064015,-5.16909879462178,10.666666666666668,-5.020071645803824,-12.522503773758999,113.37590875289615,7545.0,5,1655.0,1650.1666666666665,[613.83333333],10,1941.3166666666664,2851.833333333333,[3.5]
1143,3.1666666666666665,7.108742278950003,-5.954780085091673,1.846037806141669,6.166666666666666,0.7372955271916646,-0.4166666666666683,1.8460378061416698,8.333333333333332,5.442075612283337,5.121446751758341,-8.063522364041678,10.833333333333332,-8.505597976325014,-19.06912034036671,128.90805165002504,8092.333333333333,5,1747.4333333333332,1736.5,[658.5],9,2035.537037037037,3108.333333333333,[3.16666667]
1145,1.6666666666666667,7.722418211860868,-7.000293984457969,2.277875772597101,4.666666666666667,0.5554575607362331,-0.1666666666666652,2.277875772597099,7.333333333333334,7.0557515451942,6.666960651124631,-11.389378862985497,9.666666666666668,-13.778463741513029,-27.50117593783193,152.61297301267828,8890.333333333334,5,2074.8,2091.5,[761.66666667],9,2314.1111111111113,3439.0,[1.66666667]
1441,3.3333333333333335,-65.14160660816304,101.75407657891124,-33.94580330408152,6.0,36.52913663741486,-0.0833333333333286,-33.94580330408153,8.5,-65.47493994149639,-101.92074324557795,169.72901652040767,10.833333333333334,239.8706231285707,407.2663063156451,-165.47026277754912,16795.666666666668,13,4109.3076923076915,3751.1666666666665,[492.5],6,2803.7222222222226,9.666666666666668,[3.33333333]
1393,3.3333333333333335,-46.33667425353896,72.88001138030845,-24.210003793436147,5.666666666666667,26.79333712676948,0.24999999999999645,-24.210003793436144,8.5,-45.33667425353896,-72.38001138030845,119.7166856338474,10.5,169.05335988738636,286.7700455212339,-62.32340540862026,15729.333333333332,9,4531.12962962963,4457.833333333333,[973.66666667],6,2625.6388888888887,9.5,[3.33333333]
1395,1.6666666666666667,-58.33475445516834,90.71046501608583,-30.209043894250836,3.833333333333333,32.45904389425083,0.08333333333333215,-30.209043894250833,6.166666666666666,-58.001421121835,-90.54379834941916,150.21188613792083,7.833333333333333,211.54664059308917,360.09186006434334,-106.47183399076584,17647.0,15,4739.644444444444,4890.0,[473.],6,2943.9444444444453,7.0,[1.66666667]
1421,3.0,-64.65257520450977,99.97886280676465,-33.32628760225489,5.0,35.32628760225489,0.0,-33.32628760225489,7.0,-64.65257520450977,-99.97886280676467,165.63143801127444,8.0,232.28401321578423,396.9154512270588,-118.69946444284301,17017.0,13,4168.115384615385,4113.0,[518.5],6,2839.7222222222226,7.5,[3.]
1422,3.1666666666666665,-71.04555865271811,113.52667131241051,-38.31444599302572,7.333333333333334,41.06444599302573,-1.4166666666666643,-38.31444599302573,8.666666666666668,-76.71222531938479,-116.36000464574386,195.7388966317953,11.333333333333334,277.78445528451346,470.856685249642,-247.30780720082214,13948.0,8,4040.1249999999995,4257.083333333333,[512.66666667],6,2329.4166666666665,10.0,[3.16666667]
1423,2.8333333333333335,-50.26435690561194,80.43820202508458,-27.00717845280597,6.0,29.590511786139302,-0.5833333333333357,-27.007178452805967,8.0,-52.59769023894527,-81.60486869175125,137.53589226402985,11.333333333333334,196.80024916964177,331.00280810033826,-121.63639060331332,17379.666666666668,14,3904.214285714286,3371.833333333333,[417.5],6,2900.9166666666665,9.666666666666668,[2.83333333]
1424,1.8333333333333333,-60.058600135806074,93.58790020370911,-31.029300067903037,4.333333333333333,34.02930006790304,0.4999999999999929,-31.02930006790303,7.833333333333333,-58.05860013580607,-92.5879002037091,152.64650033951517,9.833333333333332,214.70510047532125,365.3516008148363,-144.22336795682418,16300.666666666666,12,4030.222222222222,4047.0,[445.66666667],6,2720.5,8.833333333333332,[1.83333333]
1425,3.1666666666666665,-66.36526183271135,103.08955941573369,-34.390964249689006,5.5,36.64096424968901,-0.0833333333333286,-34.39096424968902,7.666666666666666,-66.6985951660447,-103.25622608240039,172.95482124844509,10.666666666666666,245.65341641448978,415.6082376629347,-141.09498741075788,18452.333333333332,15,4949.288888888888,5091.333333333333,[530.83333333],6,3079.5277777777774,9.166666666666666,[3.16666667]
1426,1.6666666666666667,-45.972230513415234,72.20834577012285,-24.06944859004095,3.833333333333333,26.236115256707617,0.0,-24.06944859004095,6.0,-45.972230513415234,-72.20834577012283,119.18057628353807,7.0,167.1528067969533,285.33338308049116,-80.65285654411116,17275.0,12,4475.083333333333,4359.25,[837.66666667],6,2881.805555555556,6.5,[1.66666667]
1427,2.3333333333333335,-73.3336301164055,116.25044517460825,-38.91681505820275,6.333333333333334,42.41681505820275,-0.5,-38.91681505820275,9.333333333333334,-75.3336301164055,-117.25044517460822,195.2507419576804,12.0,275.91770540741925,468.5017806984332,-267.41948610585246,16679.333333333332,16,4570.510416666666,4681.666666666666,[489.],6,2784.5,10.666666666666668,[2.33333333]
1428,2.6666666666666665,-22.996182594570968,38.45260722518979,-12.789757963952152,5.333333333333333,15.53975796395215,0.08333333333333215,-12.789757963952148,8.166666666666666,-22.662849261237632,-38.285940558523116,63.44878981976075,10.666666666666666,91.11163908099839,152.06042890075912,-29.505401315090865,17565.333333333336,15,4920.366666666667,4852.166666666666,[1128.83333333],6,2931.4444444444453,9.416666666666666,[2.66666667]
1429,3.6666666666666665,-95.24722726418737,147.16250756294772,-49.081946965427015,6.5,51.83194696542702,-0.0833333333333357,-49.08194696542702,9.166666666666666,-95.58056059752072,-147.32917422961435,245.07640149380174,11.333333333333332,344.9902954246558,587.9000302517913,-326.55699234311373,16745.666666666664,12,4765.611111111111,5002.916666666666,[617.66666667],6,2795.611111111111,10.25,[3.66666667]
1430,3.3333333333333335,-59.516345823500046,95.52451873525007,-32.00817291175002,7.333333333333334,35.50817291175002,-0.5,-32.00817291175002,10.333333333333334,-61.516345823500046,-96.52451873525006,160.70753122541677,13.0,227.55721038225016,385.5980749410002,-183.65528532325038,14498.333333333332,10,3587.85,3600.25,[442.5],6,2421.5833333333326,11.666666666666668,[3.33333333]
1431,1.6666666666666667,-47.28892057621464,74.72504753098863,-24.76946028810732,4.333333333333333,27.852793621440654,0.4166666666666643,-24.769460288107318,7.833333333333333,-45.62225390954797,-73.89171419765532,122.01396810720328,10.333333333333332,172.63622201675125,292.15019012395453,-65.7864121407058,16902.666666666664,13,4973.423076923076,5024.833333333333,[1024.83333333],6,2820.7777777777774,9.083333333333332,[1.66666667]
1432,1.1666666666666667,-59.63771867282312,91.53991134256802,-30.402192669744892,2.666666666666667,32.23552600307823,0.33333333333333215,-30.402192669744892,4.833333333333334,-58.304385339489784,-90.87324467590133,151.01096334872446,6.666666666666667,212.9820153548809,362.15964537027213,-169.47499405848635,17317.666666666664,15,4444.68888888889,4210.333333333334,[412.33333333],6,2888.305555555555,5.75,[1.16666667]
1433,2.5,-94.69033958859531,147.6188427162263,-49.42850312763099,6.0,52.26183646096432,-0.6666666666666785,-49.428503127630975,8.166666666666666,-97.35700625526196,-148.95217604955965,248.14251563815495,10.0,349.1661885600836,595.4753708649051,-351.4748927583221,16958.333333333332,13,4185.0641025641025,3775.9999999999995,[603.16666667],6,2830.361111111111,9.083333333333332,[2.5]
1434,1.5,-58.45443735148024,91.68165602722036,-30.393885342406787,4.333333333333334,33.72721867574012,0.49999999999999645,-30.39388534240678,8.166666666666668,-56.45443735148023,-90.68165602722033,149.30276004536722,10.333333333333334,210.0905307301808,357.22662410888154,-133.65048817239563,17650.333333333336,14,4772.404761904762,4858.166666666667,[444.],6,2945.305555555556,9.25,[1.5]
1435,2.1666666666666665,-19.591696166055982,34.92921091575064,-12.004181416361323,5.5,14.254181416361325,-1.0833333333333321,-12.004181416361327,6.666666666666667,-23.925029499389318,-37.09587758241731,64.52090708180663,10.166666666666668,95.44593658119595,156.46684366300258,16.58721975580147,17982.0,13,4809.038461538462,4770.666666666667,[857.16666667],6,3000.5277777777787,8.416666666666668,[2.16666667]
1436,2.0,-62.0709600754803,98.27310677988712,-32.868813371073486,5.333333333333334,35.868813371073486,-0.3333333333333357,-32.868813371073486,8.0,-63.40429340881364,-98.9397734465538,165.17740018870077,10.833333333333334,234.2483602641811,396.59242711954874,-146.67412071706315,18260.66666666667,16,4712.510416666667,4564.0,[495.],6,3047.333333333334,9.416666666666668,[2.]
1437,3.3333333333333335,-60.85872539234505,95.53808808851758,-32.01269602950586,6.0,34.179362696172525,-0.5,-32.01269602950586,7.666666666666667,-62.85872539234505,-96.5380880885176,161.89681348086265,10.166666666666668,229.75553887320768,389.15235235407033,-144.40789122727801,16010.666666666664,12,3676.2222222222213,3499.0,[484.66666667],6,2672.472222222222,8.916666666666668,[3.33333333]
1438,2.6666666666666665,-55.92635993103207,87.47287322988143,-29.04651329884937,5.166666666666666,31.879846632182698,0.33333333333332504,-29.04651329884936,8.333333333333332,-54.593026597698724,-86.80620656321474,144.39923316091347,11.333333333333332,204.9922597586122,346.3914929195255,-182.55041934480437,13655.666666666668,4,4343.958333333334,4181.333333333334,[2503.5],6,2280.055555555556,9.833333333333332,[2.66666667]
1439,2.5,-67.39143675550469,104.83715513325703,-34.77905171108567,5.166666666666666,37.94571837775234,0.4999999999999929,-34.77905171108567,8.833333333333332,-65.39143675550469,-103.83715513325701,171.89525855542837,11.499999999999998,242.6200286442664,411.848620533028,-248.13531584396105,15205.333333333332,12,4197.833333333333,4062.5,[417.83333333],6,2538.4166666666665,10.166666666666664,[2.5]
1420,2.8333333333333335,-76.86964321090902,119.17946481636352,-39.80982160545451,5.333333333333334,42.05982160545451,-0.25,-39.80982160545451,7.333333333333334,-77.86964321090902,-119.67946481636355,199.8824413606059,9.666666666666668,282.4187512381816,479.9678592654542,-199.71994383696915,16889.333333333332,12,4663.180555555556,5017.25,[572.33333333],6,2818.722222222222,8.5,[2.83333333]
1394,3.0,-85.62575393006118,132.48029756175845,-44.021210298363926,5.833333333333334,47.271210298363926,0.4166666666666643,-44.021210298363926,9.5,-83.95908726339452,-131.64696422842513,218.43938482515298,12.333333333333334,308.06513875521415,523.6711902470338,-296.4029956689145,14494.0,10,3952.166666666667,4260.833333333334,[547.66666667],6,2420.5,10.916666666666668,[3.]
1419,3.3333333333333335,-121.63705077250648,184.78890949209307,-61.31852538625324,5.166666666666667,63.985192052919906,0.8333333333333286,-61.318525386253235,8.666666666666668,-118.30371743917314,-183.12224282542638,304.75929359793287,12.000000000000002,429.72967770377267,731.1556379683723,-390.0519823388115,17406.333333333336,14,4935.702380952382,5143.083333333334,[782.83333333],6,2905.4166666666665,10.333333333333336,[3.33333333]
1417,1.3333333333333333,-52.33234992336822,81.74852488505233,-27.082841628350778,3.666666666666667,29.91617496168411,0.5,-27.082841628350778,7.0,-50.33234992336822,-80.74852488505235,134.4142081417539,10.333333333333334,191.41322473178877,322.4940995402093,-109.40732427199805,18433.333333333336,16,4738.541666666667,4747.25,[414.83333333],6,3075.388888888889,8.666666666666668,[1.33333333]
1397,3.0,-42.6394782568772,69.66755071864912,-23.361405795105266,6.666666666666666,26.611405795105263,-0.41666666666666075,-23.361405795105266,9.5,-44.30614492354386,-70.50088405198247,117.30702897552632,12.0,166.61317389907018,281.4202028745965,-91.20004344033339,15368.0,10,4143.4,4040.666666666667,[841.5],6,2565.8888888888887,10.75,[3.]
1398,3.3333333333333335,-87.68101732965808,134.93819266115378,-44.7571753314957,5.833333333333334,47.923841998162374,0.6666666666666785,-44.757175331495716,9.666666666666668,-85.01435066299142,-133.6048593278204,221.2858766574785,12.333333333333334,311.6335606538033,530.2527706446151,-297.88633129841844,16887.0,14,4580.119047619048,4574.416666666667,[556.33333333],6,2819.4166666666665,11.0,[3.33333333]
1399,2.6666666666666665,-64.58015174495995,100.12022761743992,-33.37340920581331,4.833333333333333,35.540075872479974,0.0,-33.37340920581331,7.0,-64.58015174495995,-100.12022761743992,167.70037936239987,10.0,238.28053110735982,402.98091046975964,-177.42810824378614,16325.333333333334,13,4183.628205128205,4148.0,[473.83333333],6,2724.722222222222,8.5,[2.66666667]
1400,2.5,-63.36726421486074,99.42589632229111,-33.05863210743037,5.5,36.30863210743037,0.2499999999999929,-33.05863210743036,9.0,-62.36726421486073,-98.9258963222911,163.79316053715183,11.5,231.16042475201257,392.4535852891644,-141.61401004117693,17072.666666666664,14,4301.440476190475,4360.5,[493.5],6,2849.7222222222213,10.25,[2.5]
1401,1.5,-86.7628734816462,135.5193102224693,-45.42310340748976,4.833333333333334,48.0064367408231,-0.75,-45.42310340748976,6.666666666666667,-89.7628734816462,-137.0193102224693,230.61551703744883,10.5,328.04505718576166,554.8272408898774,-297.87229807563904,16199.666666666668,10,4305.433333333333,4294.083333333334,[595.5],6,2703.444444444445,8.583333333333334,[1.5]
1402,2.5,-64.33129151773464,99.99693727660195,-33.16564575886732,5.0,36.16564575886732,0.5,-33.16564575886732,8.5,-62.33129151773464,-98.99693727660198,164.66156212766995,11.833333333333334,233.65952031207124,394.9877491064078,-190.9806027518124,17070.333333333332,14,4558.369047619047,4516.166666666666,[449.5],6,2849.1666666666665,10.166666666666668,[2.5]
1403,3.1666666666666665,-76.57618408273974,118.5309427907763,-39.28809204136987,5.833333333333333,42.62142537470321,0.6666666666666714,-39.28809204136988,9.833333333333332,-73.90951741607309,-117.19760945744298,193.9404602068494,12.666666666666666,273.5166442895891,464.623771163105,-210.4737487860275,17361.0,15,4161.255555555555,4098.333333333333,[540.33333333],6,2898.388888888889,11.25,[3.16666667]
1404,2.5,-76.78766664216913,117.01483329658703,-38.7271666544179,4.0,41.06049998775123,0.8333333333333215,-38.727166654417886,7.166666666666666,-73.45433330883579,-115.34816662992037,192.46916660542283,10.833333333333332,273.25683324759194,462.05933318634834,-231.6494997672736,15078.0,10,4715.55,4993.583333333334,[514.5],6,2516.5,9.0,[2.5]
1405,2.3333333333333335,-37.810718822208436,60.757744899979315,-20.280359411104218,5.0,22.86369274443755,-0.0833333333333286,-20.28035941110422,7.5,-38.14405215554177,-60.92441156664601,100.73513038885444,9.166666666666666,142.21251587772954,241.2809795999173,-55.326828810980146,16700.333333333332,14,4379.607142857143,4183.666666666666,[846.5],6,2787.0833333333335,8.333333333333332,[2.33333333]
1406,2.8333333333333335,-57.38464788638019,89.4519718295703,-29.733990609856765,5.166666666666667,32.3173239431901,0.25000000000000355,-29.733990609856768,8.0,-56.3846478863802,-88.95197182957028,147.3366197159505,10.0,207.7212676023307,353.05788731828136,-138.7791549206121,14980.0,10,4235.916666666666,4661.833333333332,[432.],6,2500.4999999999995,9.0,[2.83333333]
1407,2.3333333333333335,-47.027651603953586,75.20814407259704,-25.180492468643457,5.333333333333334,27.84715913531013,-0.33333333333333215,-25.18049246864346,7.666666666666668,-48.36098493728692,-75.87481073926372,127.56912900988398,11.000000000000002,182.59678061383758,306.83257629038826,-124.42935690422587,14993.333333333332,10,4551.133333333333,4790.583333333332,[1543.66666667],6,2502.861111111111,9.333333333333336,[2.33333333]
1408,2.5,-65.91388695785362,102.1624971034471,-34.0819434789268,4.666666666666666,36.165276812260146,-0.0833333333333286,-34.08194347892682,6.666666666666666,-66.24722029118696,-102.32916377011381,170.4097173946341,8.5,240.32360435248773,408.89998841378866,-162.2235927662764,16084.333333333332,13,4081.3333333333335,4135.333333333333,[495.5],6,2684.222222222222,7.583333333333333,[2.5]
1409,2.1666666666666665,-64.49300831064913,102.36451246597369,-34.371504155324565,5.666666666666666,37.121504155324565,-0.75,-34.371504155324565,7.666666666666666,-67.49300831064913,-103.86451246597369,174.5241874432895,10.833333333333332,248.35052908727198,419.7080498638948,-205.22524561783348,16498.333333333332,11,4366.045454545454,4441.166666666666,[473.66666667],6,2753.6666666666665,9.25,[2.16666667]
1410,2.8333333333333335,-74.60333362283443,113.61333376758498,-37.51000014475055,4.333333333333334,40.09333347808388,1.0833333333333357,-37.51000014475055,8.0,-70.2700002895011,-111.44666710091833,184.55000072375276,10.833333333333334,260.4866676799205,442.2033350703398,-186.35666941692693,16701.333333333336,13,4422.256410256412,4691.833333333334,[527.16666667],6,2787.5,9.416666666666668,[2.83333333]
1411,3.0,-69.28951610248454,107.76760748706015,-35.978091384575606,5.5,38.311424717908935,-0.1666666666666785,-35.97809138457559,7.666666666666666,-69.9561827691512,-108.10094082039342,180.7237902562113,10.333333333333332,256.01330635869584,434.07042994824053,-206.9170696402697,15696.666666666664,11,3672.4393939393935,3084.6666666666665,[493.5],6,2619.9722222222213,9.0,[3.]
1412,3.0,-52.82622629390973,81.9893394408646,-27.163113146954863,5.0,29.663113146954863,0.5,-27.163113146954863,8.0,-50.82622629390973,-80.98933944086461,134.31556573477434,10.5,190.14179202868405,321.9573577634584,-114.93248312547576,15484.333333333332,11,4084.6363636363635,3892.0,[838.83333333],6,2584.5,9.25,[3.]
1414,2.8333333333333335,-33.73394159580608,56.10091239370912,-18.86697079790304,6.333333333333334,21.86697079790304,-0.5,-18.86697079790304,8.833333333333334,-35.73394159580608,-57.10091239370913,95.33485398951521,11.333333333333334,136.06879558532128,228.90364957483646,-84.13911182682443,15451.666666666666,12,4164.75,4407.666666666666,[704.],6,2579.777777777778,10.083333333333334,[2.83333333]
1415,2.5,-75.9551266497388,118.1826899746082,-39.394229991536065,5.333333333333334,42.2275633248694,0.0,-39.394229991536065,8.166666666666668,-75.9551266497388,-118.18268997460821,196.637816624347,10.666666666666668,277.5929432740858,471.73075989843306,-206.3237031725189,17279.333333333332,16,4396.291666666666,4189.0,[553.66666667],6,2884.111111111111,9.416666666666668,[2.5]
1416,1.8333333333333333,-77.82594203219479,122.86391304829218,-41.20463768276406,5.666666666666667,44.287971016097394,-0.75,-41.20463768276406,8.0,-80.82594203219479,-124.36391304829218,208.5231884138203,11.333333333333334,296.01579711268175,501.2056521931688,-244.72144930585057,16824.666666666664,14,4370.440476190476,4243.833333333334,[563.83333333],6,2808.0,9.666666666666668,[1.83333333]
1418,2.5,-72.47680179265693,112.92353602231873,-37.78006756299513,5.166666666666666,40.03006756299513,-0.4166666666666714,-37.78006756299512,6.999999999999999,-74.14346845932359,-113.75686935565207,190.06700448164233,9.166666666666666,268.54380627429924,456.4441440892748,-236.65461703024073,17202.666666666668,13,4656.358974358975,4610.166666666667,[497.5],6,2870.75,8.083333333333332,[2.5]
1396,3.0,-50.86031445235731,79.66547167853597,-26.471823892845322,5.333333333333334,29.055157226178654,0.25,-26.471823892845322,8.166666666666668,-49.86031445235731,-79.16547167853597,131.8591194642266,11.000000000000002,187.38610058325057,316.41188671414375,-94.46465396406097,17441.0,14,4453.190476190476,4140.583333333334,[420.33333333],6,2910.9166666666665,9.583333333333336,[3.]
